281689-282394	ATGGTGAGAACAGCAATATTGTCAGTAGCGGCAGCCTGTACGCTATTTGCATTGATAGGGTGTAATAACCGTGCGGAAGTTGACGCCCTGCAACCTGCGCAGGCGGCGGAATTAAAACCCATGCAGCAAAGCTGGCGCGGCGTGCTGCCCTGTGCGGATTGTGAAGGTATTGAAACGTCACTATTTCTGGAAAAAGACGGCACATGGGTGATGAACGAGCGCTATCAGGGCGTGCGCGAAGAACCTTCCTCTTTTGCGTCATACGGTACCTGGGCGCGGACGGCGGATAAACTGGTGTTAACCGACAGCAATGGCGAGAAATCGTATTATCGCGCGAAGGGCAATGCGCTGGAGATGCTCGACAGAGAAGGCAATCCGGTGGCTTCGCAGCTTAATTATACGCTGGTGCCTGTTACCGCCAGCCTGCCGGTAACGCCAATGCCGCTGCGTGGTATGTATGTATGTATACAGGGCCGATGCGGCGACCTTTACCGATTGCGCGACCGGAAAACGGCTGCCGGTCGCCAGTAACGCCCAGCTTGAGCGCGGCTATCTGGCGGCGAAAGGTGAAGCGGAAAAACCGGTGCTGCTGACGGTAGAAGGGCATTTTGTGTTTGCCGCGAACCCGGACACGGGCGAGCCGGTAAAAACGCTAATAGCCGATAAAAATGCGAAGTTTGCGCCGGGTAAAGATTGCACTCACTAA
290801-290874	CTCAGGTGGTTAGAGCGCACCCCTGATAAGGGTGAGGTCGGTGGTTCAAGTCCACTCAGGCCTACCAGATTCGC
290801-290874	CTCAGGTGGTTAGAGCGCACCCCTGATAAGGGTGAGGTCGGTGGTTCAAGTCCACTCAGGCCTACCAGATTCGC
290987-291059	CTCAGCTGGGAGAGCGCCTGCTTTGCACGCAGGAGGTCTGCGGTTCGATCCCGCATAGCTCCACCATCTCGTG
290987-291059	CTCAGCTGGGAGAGCGCCTGCTTTGCACGCAGGAGGTCTGCGGTTCGATCCCGCATAGCTCCACCATCTCGTG
294520-294641	TGCCTGGCGGCACTAGCGCGGTGGTCCCACCTGACCCCATGCCGAACTCAGAAGTGAAACGCCGTAGCGCCGATGGTAGTGTGGGGTCTCCCCATGCGAGAGTAGGGAACTGCCAGGCATCA
294520-294641	TGCCTGGCGGCACTAGCGCGGTGGTCCCACCTGACCCCATGCCGAACTCAGAAGTGAAACGCCGTAGCGCCGATGGTAGTGTGGGGTCTCCCCATGCGAGAGTAGGGAACTGCCAGGCATCA
294839-294912	TTCAGTTGGTTAGAATACCTGCCTGTCACGCAGGGGGTCGCGGGTTCGAGTCCCGTCCGTTCCGCCACTTATTA
294839-294912	TTCAGTTGGTTAGAATACCTGCCTGTCACGCAGGGGGTCGCGGGTTCGAGTCCCGTCCGTTCCGCCACTTATTA
304278-304351	TTCAGTTGGTTAGAATACCTGCCTGTCACGCAGGGGGTCGCGGGTTCGAGTCCCGTCCGTTCCGCCAGATACAA
304278-304351	TTCAGTTGGTTAGAATACCTGCCTGTCACGCAGGGGGTCGCGGGTTCGAGTCCCGTCCGTTCCGCCAGATACAA
368807-368879	CTCAGTTGGTAGAGCAGCGCATTCGTAATGCGAAGGTCGTAGGTTCGACTCCTATTATCGGCACCATCTAAAT
368807-368879	CTCAGTTGGTAGAGCAGCGCATTCGTAATGCGAAGGTCGTAGGTTCGACTCCTATTATCGGCACCATCTAAAT
369925-370630	ATGCAGGCTATCGCCAGCGAGCTAAGCGCCCGGTTAAATACCCCAGTTGAAGTCGGTGGTGTGGAAGCCAACATGGCTGTGGCTGGCGCGTTAACGACGCCTGGATGCGACGCTCCGCTGGCGATCCTCGATTTAGGCGCAGGATCCACCGATGCCGCCATTATCAATAACGATGGCGTAGTGAAGGCGGTACACCTTGCCGGGGCGGGGAATATGGTCAGCCTGTTGATTCAAACGGAGCTTGGCTTAAGCGATCCGTTTTTGGCAGAGGAAATACCCGCTGGCCAAAGTGGAGAGCCTGTTCAGCATTCGCCACGAGAACGGCGCGGTGGAGTTTTTTCGTGAACCGCTTAGCCCGTCAGTATTTGCCAAAGTGGTGTATCTGAAAGAGGGCGAGCTGATCCCGGTCGATAACCAGACCTCGCTGGAGAAGATTCGTCTGGTGCGCCGTCAGGCCAAAGAGAAAGTCTTTGTGACCAACTGTCTGCGCGCGTTACGTCAGGTCTCGCCCGGCGGCTCGATTCGCGATATCACTTTTGTGGTGCTGGTAGGTGGCTCATCGCTGGATTTTGAAATTCCGCAGATGATCACCGATGCGCTGGCGCAGTACGGCGTTGTCGCCGGGCAGGGTAATATCTGTGGTACTGAAGGCCCGCGCAATGCGGTAGCGACCGGGCTGGTTTTAGCCGGAGAAGCCAAAAAATAG
524427-524542	GGGGCTCTGTTGGTTCTCCCGCAACGCTACTCTGTTTACCAGGTCAGGTCCGGAAGGAAGCAGCCAAGGCAGATGACGCGTGTGCCGGGATGTAGCTGGCAGGGCCCCCACCCATT
524427-524542	GGGGCTCTGTTGGTTCTCCCGCAACGCTACTCTGTTTACCAGGTCAGGTCCGGAAGGAAGCAGCCAAGGCAGATGACGCGTGTGCCGGGATGTAGCTGGCAGGGCCCCCACCCATT
613570-613643	GCTCAGTTGGATAGAGCAACGGCCTTCTAAGCCGTGGGTCGCAGGTTCGAATCCTGCAGGGCGCGCCACTTATA
613570-613643	GCTCAGTTGGATAGAGCAACGGCCTTCTAAGCCGTGGGTCGCAGGTTCGAATCCTGCAGGGCGCGCCACTTATA
613753-614167	AGCCGCAATAGATTCAATTGGTCACTGCAACCATGAATGACAAAAGATAGAGTCCTGAATGCGCTTCTGATGGCCGTGTGGCGACGTAATCACCCGCTATGAATGGCAGTCGCTCCTGAAACCGCACGGACTGGAGAGCAGAATGAGCCGTCGTGGCAACTGTCATGACAATGCGGTTGCAGAAAGCTTTTTCCAGCTACTGAAGCGTGAACGGATAAAGGAAAAGATCTACGGAACGAGAGACGAAGCCAGAAGCGATATTTTTGATTACATAGAAATGTTTTATAACAGTAGACGCCGGCATGGTTCGAGCGAGCAGATGCCACCGGCTGAATATGAAAACCTATATCATCAACGACTCAGAAGTGTCCAGGTTATCCGTGGTGATTCACAGATATGCTCACCTTGCACCTAA
618148-618393	ATGGAATCCCGCCAATTATCCGCCACAGCACATGAGATGATGAATAACGGTGACGCCTTCGCGCATCAGCAAATGGCTCAGACACAGAAACCCAGCGCCCCGGCTACTGTGGAAAATGCGACATCCTTTTCTGAAATGGACGACTATGAAAAAGCAATGGTCATCCATTAATCGATGAATAATGCCCATTCTTTCTCCCACGAGATCCAGGCTGAGGAGCACCATAAACAGATTAAACGCAATTAG
738014-738085	TGGGGTATCGCCAAGCGGTAAGGCACCGGATTCTGATTCCGGCATTCCGAGGTTCGAATCCTCGTACCCCAG
738014-738085	TGGGGTATCGCCAAGCGGTAAGGCACCGGATTCTGATTCCGGCATTCCGAGGTTCGAATCCTCGTACCCCAG
738132-738203	TGGGGTATCGCCAAGCGGTAAGGCACCGGATTCTGATTCCGGCATTCCGAGGTTCGAATCCTCGTACCCCAG
738132-738203	TGGGGTATCGCCAAGCGGTAAGGCACCGGATTCTGATTCCGGCATTCCGAGGTTCGAATCCTCGTACCCCAG
738253-738326	GGCTACGTAGCTCAGTTGGTTAGAGCACATCACTCATAATGATGGGGTCACAGGTTCGAATCCCGTCGTAGCCA
738253-738326	GGCTACGTAGCTCAGTTGGTTAGAGCACATCACTCATAATGATGGGGTCACAGGTTCGAATCCCGTCGTAGCCA
738345-738416	TGGGGTATCGCCAAGCGGTAAGGCACCGGTTTTTGATACCGGCATTCCCTGGTTCGAATCCAGGTACCCCAG
738345-738416	TGGGGTATCGCCAAGCGGTAAGGCACCGGTTTTTGATACCGGCATTCCCTGGTTCGAATCCAGGTACCCCAG
738455-738526	TGGGGTATCGCCAAGCGGTAAGGCACCGGTTTTTGATACCGGCATTCCCTGGTTCGAATCCAGGTACCCCAG
738455-738526	TGGGGTATCGCCAAGCGGTAAGGCACCGGTTTTTGATACCGGCATTCCCTGGTTCGAATCCAGGTACCCCAG
738553-738634	GCGGGAGTGGCGAAATTGGTAGACGCACCAGATTTAGGTTCTGGCGCCGCAAGGTGTGCGAGTTCAAGTCTCGCCTCCCGCA
738553-738634	GCGGGAGTGGCGAAATTGGTAGACGCACCAGATTTAGGTTCTGGCGCCGCAAGGTGTGCGAGTTCAAGTCTCGCCTCCCGCA
738646-738719	GGCTACGTAGCTCAGTTGGTTAGAGCACATCACTCATAATGATGGGGTCACAGGTTCGAATCCCGTCGTAGCCA
738646-738719	GGCTACGTAGCTCAGTTGGTTAGAGCACATCACTCATAATGATGGGGTCACAGGTTCGAATCCCGTCGTAGCCA
818778-818850	AGTGGGTCGTTAGCTCAGTTGGTAGAGCAGTTGACTTTTAATCAATTGGTCGCAGGTTCGAATCCTGCACGAC
818778-818850	AGTGGGTCGTTAGCTCAGTTGGTAGAGCAGTTGACTTTTAATCAATTGGTCGCAGGTTCGAATCCTGCACGAC
818985-819057	ATCGGGTGATTAGCTCAGCTGGGAGAGCACCTCCCTTACAAGGAGGGGGTCGGCGGTTCGATCCCGTCATCAC
818985-819057	ATCGGGTGATTAGCTCAGCTGGGAGAGCACCTCCCTTACAAGGAGGGGGTCGGCGGTTCGATCCCGTCATCAC
819064-819136	CTCGGGTCGTTAGCTCAGTTGGTAGAGCAGTTGACTTTTAATCAATTGGTCGCAGGTTCGAATCCTGCACGAC
819064-819136	CTCGGGTCGTTAGCTCAGTTGGTAGAGCAGTTGACTTTTAATCAATTGGTCGCAGGTTCGAATCCTGCACGAC
819189-819261	TATGGGTCGTTAGCTCAGTTGGTAGAGCAGTTGACTTTTAATCAATTGGTCGCAGGTTCGAATCCTGCACGAC
819189-819261	TATGGGTCGTTAGCTCAGTTGGTAGAGCAGTTGACTTTTAATCAATTGGTCGCAGGTTCGAATCCTGCACGAC
819399-819471	AAGGGGTCGTTAGCTCAGTTGGTAGAGCAGTTGACTTTTAATCAATTGGTCGCAGGTTCGAATCCTGCACGAC
819399-819471	AAGGGGTCGTTAGCTCAGTTGGTAGAGCAGTTGACTTTTAATCAATTGGTCGCAGGTTCGAATCCTGCACGAC
1027444-1027528	GGTGTCCGAGTGGCTGAAGGAGCACGCCTGGAAAGTGTGTATACGGCAACGTATCGGGGGTTCGAATCCCCCCCTCACCGCCATA
1027444-1027528	GGTGTCCGAGTGGCTGAAGGAGCACGCCTGGAAAGTGTGTATACGGCAACGTATCGGGGGTTCGAATCCCCCCCTCACCGCCATA
1140995-1141443	ATGGACACTATCACAGATGACAGAGTCCACAGCCCGGCGCAAACACGGCTGTCGGTCAGGAAAGAGAAAAGCCAGTCGCTGTACGACTGGATACAGGCGCAGTTGAAAACATTGTCGGTGCATGCGGAGATGGCGAAGGAGTTCGGTTACATGCTGAAGCAGTGTGATGCGTTGAGCGTGTCCTCTGCTGCGACGGTCGGGTGGAGATCGACAACAACATCTGTGAAAACGCCTTACGGTGCGTGGCGCTGGGCCGACGTAACTATCTGTTCTTCGGCTCAGACAGTAGCGGCGAGGCAGCGGCGATCATCTATAGCCTGCTGGGTACGTGCAAACTAAACGACGTGGAGTCCGAGGCATGGTTACGCGACGTGCTGTGGAAAATCAGCGACTGGTCATCGAACCGGGTGCACGAACTGCTGCCCTGGAACCTCGAAACCGTAAAATAA
1175309-1175393	CGGAAGTGTGGCCGAGCGGTTGAAGGCACCGGTCTTGAAAACCGGCGACCCGAAAGGGTTCCAGAGTTCGAATCTCTGCGCTTCC
1175309-1175393	CGGAAGTGTGGCCGAGCGGTTGAAGGCACCGGTCTTGAAAACCGGCGACCCGAAAGGGTTCCAGAGTTCGAATCTCTGCGCTTCC
1206155-1206262	ATGCAATATGATGTCTAATCTATGACGGAGGTCAGTAATGGCAAACCATCGTGGCGGTTCCGGTAATTTTGCGGAAGACCGCGAAAGAGCATCAGAAGCAGGTCGTAA
1224732-1224816	TGAGGTGTCCGAGTGGCTGAAGGAGCACGCCTGGAAAGTGTGTATACGGCAACGTATCGGGGGTTCGAATCCCCCCCTCACCGCC
1224732-1224816	TGAGGTGTCCGAGTGGCTGAAGGAGCACGCCTGGAAAGTGTGTATACGGCAACGTATCGGGGGTTCGAATCCCCCCCTCACCGCC
1271638-1272012	CGCGTCGCCAACCTCACGGTTATCGTCAGCTCAAAGAGGCGCAGAGTGTCGGTTGCCTGTATTTCATACGGAAACACAGCGCAATTATCAGGGAAGCAGCCTGGGCATTACTCTCCAGAGAAGATCCTATCTACCGGTAAGGACTGCAACCCGCAGCCCGCTAACTGTCTGAAAAATCAATACGTCTTACGCCATTGCTGCGTTGATGATCGGTCAGACAAAATGGGTTATTCCGCTAAACTTTTTGTTTTAACAAGTTTCGGTGCGGAAACCGCATCATTATTCCACTGCTAACCTTGTTATAGCAAGATGACTTTTACCATTTATCACCCGCTTACTCACAGTTTTTTCACCAGCGTGAGCCAATCGCTTTAA
1331478-1331655	ATGGAACGTCATTGACATTTTTTATTCAACGAAGAGTTAACCACTCTTAATAATAATGGGTTTTATAGCGAAATAGACTTTTTTATCGCGTGTTCAATATTTGCGTTAGTTATTATTTTTTTGGAATGTAAATTCTCTCTAAACACAGGTGATATTTATGTTGGAATTGTGGTGTTGA
1333199-1333272	CCCAGCCGCCACTAGCTCAGCTGGATAGAGCATCAACCTCCTAAGTTGATGGTGCGAGGTTCGAGGCCTCGGTG
1333199-1333272	CCCAGCCGCCACTAGCTCAGCTGGATAGAGCATCAACCTCCTAAGTTGATGGTGCGAGGTTCGAGGCCTCGGTG
1333532-1333707	ATGTTCCTCGCGAACCATATTGACTGTGGTATGGTTCACCGGGAGGCACCCGGCACCGCAATTTTTTATAAAATGAAATTCACACCCTATGGTTCAGAGCGGTGTCTTTTTACATCAGGTGGGCAAGCATAATGCAGGTTAACTTGAAAGATACGATCAATAGCAGAAACCAGTGA
1345637-1345710	TTCTTCCGCCATTAGCTCAACCGGATAGAGCATAGAGCTTCTACCTCTAAGGTTCGGGGTTCAATTCCTCGATG
1345637-1345710	TTCTTCCGCCATTAGCTCAACCGGATAGAGCATAGAGCTTCTACCTCTAAGGTTCGGGGTTCAATTCCTCGATG
1444822-1444928	CGGTTATAAATCAACACATTGATTTATAAGCATGGAAATCCCCTGAGTGAAACAACGAATTGCTGTGTGTAGTCTTTGCCCGTCTCCTACGATGGGCTTTTTTTTTA
1444822-1444928	CGGTTATAAATCAACACATTGATTTATAAGCATGGAAATCCCCTGAGTGAAACAACGAATTGCTGTGTGTAGTCTTTGCCCGTCTCCTACGATGGGCTTTTTTTTTA
1501631-1501704	CTCAGTTGGTTAGAGCACCACCTTGACATGGTGGGGGTCGATGGTTCGAGTCCATTCAGACGCACCAATCCATT
1501631-1501704	CTCAGTTGGTTAGAGCACCACCTTGACATGGTGGGGGTCGATGGTTCGAGTCCATTCAGACGCACCAATCCATT
1501718-1501791	CTCAGTTGGTTAGAGCACCACCTTGACATGGTGGGGGTCGTTGGTTCGAGTCCAATTGAACGCACCATCATTTT
1501718-1501791	CTCAGTTGGTTAGAGCACCACCTTGACATGGTGGGGGTCGTTGGTTCGAGTCCAATTGAACGCACCATCATTTT
1538711-1538844	ATGTTCGATTTTTCACAGGAAGTTGACCGACGCGGGACATGGTGTACGTAGTGGGATTATGTCGCCGATCGTTTTGGCGAAGCCGATCTGCTCCCCTTTACGATCTCGGATATGGATTTTGCCACCGCACCGTT
1538854-1539073	GCATTAGGCGGCACGGAAAACATCGTGAGTCTGGACAACTGCATCCCCCCTACGCCTGTCAGTGAAAGATATGTCGTTTGTCGATGTCCAGGCATTGAAGGACAATCACGCGACAGGCATCGTACAGCTCAATCAGCATAATTTGCAGGTAATTATCGGCCCGCAGGTTCAGTCGGTAAAAGATGAAATGGTTGGCCTGATGAATACCGTTCAGGCATAA
1550858-1551216	TTGAATCAAAGGCATCCTAATCTGAATAATATTATTTCAGCAAATGCTAACTTTTCTTATATGTTATTAATTAATACAAAAGTTACTATCGGAAACGCATATATTTATGGTGAATATATTTGTTATTATGTATTCATGTATGTGATTTGTTTTATTTCACAATTTGCGAAAAAAGATGGCAATATAGCGGCGGGCAGACATTCTGTTATCAATTTTGTGAACTGGCTTCGAGTTTTTTTAATTTAACTTTCTTGAGCGAAAAAGACGTAATCATGAACCACAACGCAGAGAAAACGGTAATAAAGGGGCCGTTTCGACTAATAAAAATAGCATTCATGTATGCAATGTCTGTTTTTTGA
1628813-1629590	ATGTTCACCGTGAAAGGAATCAACCGCCTCAAAATCCTTCAGGATGCCATCGACCGCAATTTACATCCCGGTCAGGCTGCTGAGATGCTCGGCATTACGCCACGCCATTGCAGACGGCTGCTGAAACGTTATCGCCAACTCGGACCACTTGGCATGAACAACCATAGTCGTGGCCGCGTTGGTAACCATCTGTTGCCAACTTCACTGATAGATCAGGCACTCTGTATAATCCGGGAGCACTACCGTGATTTTGGCCCCACGCTGGCGCTGGAAAATCTGGAGGAAGTTCACGGTCTGGTTCTTGGCAAGGAAACTATCCGACGCCTCATGATAAAAGCCGGAATCTGGATCCCTCGCAGATAACGCGCGCCGAAAATTCATCAGCCTCGTTACAGGCGGCCTTGTACTGGCGAGCTGATACAAATTGATGGCTGCGACCACCACTGGTTTGAAAGCTGGGGTCGACCCTGTACTGCTTTGGTCTATGTTGACTATGCCACCAGTCGCCTGATGCACCTGCTGTTTGTGAAATCTGAATCCACAGATTGAGGACAGCGAGCACAGTCGCCGGGCCATCGGTAAATATATCGAAGTCTGGCATTATCCTGACGGGCATAAGGAACTGCGGCTGAATGGCGTTCTGCTCCCCTATTCCACCTTCGACCGGTTGTCGGAGGTGGACCCCGTCGCAATTGTTGATAATAAAAGACTGGGTCATGTGCTTGGAGTTGCGCGCCAGGCCCAGAGAAAACTGGACAATAATCGCTCACTTAAATAA
1759243-1759581	ATGTCGCTGTTTCTGACAAGTTTTATTTTCGAAAAAAAAGAGTACGACGAAGAGTTTTATCAACTGGATGGCTGAATTGAGCGCTATACGCAGTCTGTTGATGGCTATATTGGGATGGAAAGCTATACCGATGCCGCCAGCGGAAGAATAGTTAACAATTATTACTGGCAGACCCGCGAATCAATGGAGCTATTGATAAATAATTTACAGCACCAGCAGGCCAAATCACAAAGTCATAAGTGGCTTTCCGGTTACCAGACGATTATTGCAGAAATTCAGGGGTGCCATAACGTTAACCTGCCCCATCCGCTGGCATCATTTTCAGTTCCTTATGCGTAA
1852564-1852645	GTGGGGTTCCCGAGCGGCCAAAGGGAGCAGACTGTAAATCTGCCGTCATCGACTTCGAAGGTTCGAATCCTTCCCCCACCAC
1852564-1852645	GTGGGGTTCCCGAGCGGCCAAAGGGAGCAGACTGTAAATCTGCCGTCATCGACTTCGAAGGTTCGAATCCTTCCCCCACCAC
1852677-1852819	ATGAGCAATGCAGAAGTTTGCACTTGTCGGGGAAGGGTGAGAACCTTCGATTAAGGTTCGACTCGAGCGAAAGAACGTTGCCAACGGTAACGGCCCGTAGGGTGAGGAGTGAAGCGACGAATAATCCTTCCTCCACCACCATC
1852677-1852819	ATGAGCAATGCAGAAGTTTGCACTTGTCGGGGAAGGGTGAGAACCTTCGATTAAGGTTCGACTCGAGCGAAAGAACGTTGCCAACGGTAACGGCCCGTAGGGTGAGGAGTGAAGCGACGAATAATCCTTCCTCCACCACCATC
1852853-1852934	GTGGGGTTCCCGAGCGGCCAAAGGGAGCAGACTGTAAATCTGCCGTCATCGACTTCGAAGGTTCGAATCCTTCCCCCACCAC
1852853-1852934	GTGGGGTTCCCGAGCGGCCAAAGGGAGCAGACTGTAAATCTGCCGTCATCGACTTCGAAGGTTCGAATCCTTCCCCCACCAC
1962086-1962268	ATGTTTTCTCTTATTAAATCACGTAAAGTTTTATTCATAACAACTCTTCTGCTGTTGTCGTCTGCTGCCTAGCCAGCGTTCGCCCTGGGGTGCATAGGGGACGGTGGTAGCACTGCAGACTGTGCAAAGGTTTGTTCCCTGGCGGCAGGTTTAGGCCCCCTTGGTTTTCTCATTTGCTTTTAA
2025659-2025900	ATGACTTCCCTGGGTTATGAGTTAATCGTTATTTCTGCGTGTGTCTTAGGGGGGGATTCCTGAAAGGCGGCCTCGGAAAAGTCTCATATGTGGTGGCGAGCGTACTGATATCAGGAGCGGTGGAGAGCGCGATGAACCTGCTCAACATTTCACCTTTTGCACAGTGTATGGTTCGCGGCTGAATCCTTCTGACAACAGTTATCTTCGACCATTATAAGCAAAAAGCGAAGCGTACGATTTGA
2035363-2035446	AGCCCGGATGGTGGAATCGGTAGACACAAGGGATTTAAAATCCCTCGGCGTTCGCGCTGTGCGGGTTCAAGTCCCGCTCCGGGT
2035363-2035446	AGCCCGGATGGTGGAATCGGTAGACACAAGGGATTTAAAATCCCTCGGCGTTCGCGCTGTGCGGGTTCAAGTCCCGCTCCGGGT
2035461-2035531	TGGCGCGTTAACAAAGCGGTTATGTAGCGGATTGCAAATCCGTCTAGTCCGGTTCGACTCCGGAACGCGCC
2035461-2035531	TGGCGCGTTAACAAAGCGGTTATGTAGCGGATTGCAAATCCGTCTAGTCCGGTTCGACTCCGGAACGCGCC
2035587-2035659	TGCGGGAATAGCTCAGTTGGTAGAGCACGACCTTGCCAAGGTCGGGGTCGCGAGTTCGAGTCTCGTTTCCCGC
2035587-2035659	TGCGGGAATAGCTCAGTTGGTAGAGCACGACCTTGCCAAGGTCGGGGTCGCGAGTTCGAGTCTCGTTTCCCGC
2068086-2068293	CAGGAGGAAAATGATGAAGGTGAATGATCGGGTAACCGTTAAAACGGACGGCGGTCCCCGCCGACCGGGCGTGGTACTGGCAGTGGAAGAATTTAGTGAAGGCACAATGTACCTGGTTTCGCTGGAGGATTACCCGCTCGGCATCTGGTTCTTCAATGAGTCAGGTCACCAGGATGGTATTTTTGTCGAGAAGGCGGAGCAGGACTAA
2068086-2068280	ATGAAGGTGAATGATCGGGTAACCGTTAAAACGGACGGCGGTCCCCGCCGACCGGGCGTGGTACTGGCAGTGGAAGAATTTAGTGAAGGCACAATGTACCTGGTTTCGCTGGAGGATTACCCGCTCGGCATCTGGTTCTTCAATGAGTCAGGTCACCAGGATGGTATTTTTGTCGAGAAGGCGGAGCAGGACTAA
2068647-2068736	AATCTCACATCAGATTTCCTGGTGTAACGAATTTTCAAGTGCTTCTTGCATAAGCAAGTTTGATCCCGACCCGTAGGGCCGGGATTTTTT
2068647-2068730	ACATCAGATTTCCTGGTGTAACGAATTTTCAAGTGCTTCTTGCATAAGCAAGTTTGATCCCGACCCGTAGGGCCGGGATTTTTT
2082174-2082260	CGGAGAGATGCCGGAGCGGCTGAACGGACCGGTCTCGAAAACCGGAGTAGGGGCAACTCTACCGGGGGTTCAAATCCCCCTCTCTCC
2082174-2082260	CGGAGAGATGCCGGAGCGGCTGAACGGACCGGTCTCGAAAACCGGAGTAGGGGCAACTCTACCGGGGGTTCAAATCCCCCTCTCTCC
2083247-2083319	CCTCTGTAGTTCAGTCGGTAGAACGGCGGACTGTTAATCCGTATGTCACTGGTTCGAGTCCAGTCAGAGGAGC
2083247-2083319	CCTCTGTAGTTCAGTCGGTAGAACGGCGGACTGTTAATCCGTATGTCACTGGTTCGAGTCCAGTCAGAGGAGC
2083489-2083807	ATGTCACTGACTGATACTAAAGTAAAAAATGCCAGACCAGCGGAAAAGGCCGTCAAGCTCGCTGACGGGTTTGGCCTCTATCGATTCAAAATACTGGCAGTCAGGCTATCGCTTTAATGGCAAACAGAAGGTGTTTTCTATTGGGGTTTACCCTGCGGTTTCTCTTGCTGATGCCAGACAACGCCGTGACGAGGTCAAAAGGCTGCTGGATCAGGGGATTGACCCGAACGCAAAAAACAGGCTGATGAAAAAATCCTTCAGGAAAAGCGCGATAAAACCCGCTCGTCCCGTGTCGTCGCCAAAAGCTGATGCACCATAA
2084217-2084289	CCTCTGTAGTTCAGTCGGTAGAACGGCGGACTGTTAATCCGTATGTCACTGGTTCGAGTCCAGTCAGAGGAGC
2084217-2084289	CCTCTGTAGTTCAGTCGGTAGAACGGCGGACTGTTAATCCGTATGTCACTGGTTCGAGTCCAGTCAGAGGAGC
2094162-2094234	TTCCTCTGTAGTTCAGTCGGTAGAACGGCGGACTGTTAATCCGTATGTCACTGGTTCGAGTCCAGTCAGAGGA
2094162-2094234	TTCCTCTGTAGTTCAGTCGGTAGAACGGCGGACTGTTAATCCGTATGTCACTGGTTCGAGTCCAGTCAGAGGA
2095992-2096064	CCTCTGTAGTTCAGTCGGTAGAACGGCGGACTGTTAATCCGTATGTCACTGGTTCGAGTCCAGTCAGAGGAGC
2095992-2096064	CCTCTGTAGTTCAGTCGGTAGAACGGCGGACTGTTAATCCGTATGTCACTGGTTCGAGTCCAGTCAGAGGAGC
2225526-2225844	ATGACAGAAACGTCATCTCACCGCTATAAACCACGCAATATAATAAATGCGCCAAATGTAAAATCGTCTATTTTTTCCCGGAGCCAACAACGCGGCGACAGCGAAATTATCCAGCGCTGGTTAAGCAACCATTTTTATCGTTGGATCATTGGTGACTTTCCTCATGTTTATCCTGTGCGCTCCGTCGCCGATTATGCCGTTTATTTTAGCGCTGATGCAGAAATCCCCGCCTGGCTGGCGCCAAAGCTGGGTGGCGATGAGCGCTTTTACTACCTTAACGTTCAGCACCCGCAACTTGTGGCGATGGAAAGAGATTTAG
2310185-2310588	ATGGCCTCTTCCCGGGTCGTTAAACACATGTCCCCTGTCGGTTGCAAACCAGAGCACACTTTTGGGCGTAAAGGCGAGCCAAAGATAAGGCACAAGTTATCTTCCGAAAGCTGCACGCATCTGGTATTCATCGGCTTGCCATACGGCATTCCGGGTATCGGCGACGAAATTGAAGGCGCAATACAGCAAGCGCCACAACCGCTACGACAGTCCATGCTCAGCCCTCTATTTATAACCAAATGAAAGATAACAGAATTTGTCCAAAGAAAAATCCAGATTTAAAATGTGGACGTCATCATGATCAGACCTGCCCTCAGACATTCCGAAGACAAGGCTGGAAACAGAAGGGACAACACAGCACACTTCCCCCCTCCGGGCGACATGCCATCGCGTATTCTCGTTGA
2330748-2330821	CAAGTCGGCACGTAGCGCAGCCTGGTAGCGCACCGTCATGGGGTGTCGGGGGTCGGAGGTTCAAATCCTCTCGT
2330748-2330821	CAAGTCGGCACGTAGCGCAGCCTGGTAGCGCACCGTCATGGGGTGTCGGGGGTCGGAGGTTCAAATCCTCTCGT
2366829-2367009	AGGGTAAAAAAAACCGAATGCGAAGCATCCGGTTGAAATAGGGGTAAACAGACATTCAGAAGTGAATGACGGTAATAAATAAAGTTAATGATGATAGCGGTCACTATTTTAGTTGCGAATGAAGATTCTGTTTTATCATTCAGTGCTATGAATTTCATCAATTTAACCCGTTGATTTTAAA
2366829-2367004	AAAAAAAACCGAATGCGAAGCATCCGGTTGAAATAGGGGTAAACAGACATTCAGAAGTGAATGACGGTAATAAATAAAGTTAATGATGATAGCGGTCACTATTTTAGTTGCGAATGAAGATTCTGTTTTATCATTCAGTGCTATGAATTTCATCAATTTAACCCGTTGATTTTAAA
2505821-2505892	TTGTCCCCTTAGTTAAATGGATATAACGAGCCCCTCCTAAGGGCTAGTTGCAGGTTCGATTCCTGCAGGGGA
2505821-2505892	TTGTCCCCTTAGTTAAATGGATATAACGAGCCCCTCCTAAGGGCTAGTTGCAGGTTCGATTCCTGCAGGGGA
2528938-2529010	GGCTATAGCTCAGCTGGGAGAGCGCTTGCATGGCATGCAAGAGGTCAGCGGTTCGATCCCGCTTAGCTCCACC
2528938-2529010	GGCTATAGCTCAGCTGGGAGAGCGCTTGCATGGCATGCAAGAGGTCAGCGGTTCGATCCCGCTTAGCTCCACC
2529056-2529128	GGCTATAGCTCAGCTGGGAGAGCGCTTGCATGGCATGCAAGAGGTCAGCGGTTCGATCCCGCTTAGCTCCACC
2529056-2529128	GGCTATAGCTCAGCTGGGAGAGCGCTTGCATGGCATGCAAGAGGTCAGCGGTTCGATCCCGCTTAGCTCCACC
2531834-2531906	GGGGGTGATTAGCTCAGCTGGGAGAGCACCTCCCTTACAAGGAGGGGGTCGGCGGTTCGATCCCGTCATCACC
2531834-2531906	GGGGGTGATTAGCTCAGCTGGGAGAGCACCTCCCTTACAAGGAGGGGGTCGGCGGTTCGATCCCGTCATCACC
2531955-2532027	GTGGGTGATTAGCTCAGCTGGGAGAGCACCTCCCTTACAAGGAGGGGGTCGGCGGTTCGATCCCGTCATCACC
2531955-2532027	GTGGGTGATTAGCTCAGCTGGGAGAGCACCTCCCTTACAAGGAGGGGGTCGGCGGTTCGATCCCGTCATCACC
2532072-2532144	GTGGGTGATTAGCTCAGCTGGGAGAGCACCTCCCTTACAAGGAGGGGGTCGGCGGTTCGATCCCGTCATCACC
2532072-2532144	GTGGGTGATTAGCTCAGCTGGGAGAGCACCTCCCTTACAAGGAGGGGGTCGGCGGTTCGATCCCGTCATCACC
2532152-2532224	TCGGGTCGTTAGCTCAGTTGGTAGAGCAGTTGACTTTTAATCAATTGGTCGCAGGTTCGAATCCTGCACGACC
2532152-2532224	TCGGGTCGTTAGCTCAGTTGGTAGAGCAGTTGACTTTTAATCAATTGGTCGCAGGTTCGAATCCTGCACGACC
2761650-2761723	GCCATTAGCTCAACTGGAAAGAGCACGGAGCTTCTACCTCTGTGGTTCGGGGTTCGAATCCTCGATGGCGGACC
2761650-2761723	GCCATTAGCTCAACTGGAAAGAGCACGGAGCTTCTACCTCTGTGGTTCGGGGTTCGAATCCTCGATGGCGGACC
2796443-2796564	TGCCTGGCGGCACTAGCGCGGTGGTCCCACCTGACCCCATGCCGAACTCAGAAGTGAAACGCCGTAGCGCCGATGGTAGTGTGGGGTCTCCCCATGCGAGAGTAGGGAACTGCCAGGCATCA
2796443-2796564	TGCCTGGCGGCACTAGCGCGGTGGTCCCACCTGACCCCATGCCGAACTCAGAAGTGAAACGCCGTAGCGCCGATGGTAGTGTGGGGTCTCCCCATGCGAGAGTAGGGAACTGCCAGGCATCA
2799961-2800033	CCCTTCGTCTAGAGGCCCAGGACACCGCCCTTTCACGGCGGTAACAGGGGTTCGAATCCCCTAGGGGACGCCA
2799961-2800033	CCCTTCGTCTAGAGGCCCAGGACACCGCCCTTTCACGGCGGTAACAGGGGTTCGAATCCCCTAGGGGACGCCA
2807435-2807634	TGCCGTTTTTTTATTCGGTATCTGATGCAACAGAAATGATTTCACTGCAACGCATCCAGTCAAATATGGCCTGCTTTCAGCCATTCCTCAAGTAAAAGATCGCTTCTTCCTGCGATGCCTCACAAAAAGTTCGCCTTGACAAAAAGTGACAAAATAATGTGATTTACATCACACATTTTGACATTAAGAACGGTATGCTG
2844217-2844316	GTCCGCAGGTGCCAGGCGAATGTAAAGACTGACTAAGCATGTAGTACCGAGGATGTAGGAATTTCGGACGCGGGTTCAACTCCCGCCAGCTCCACCAAAT
2844222-2844316	CAGGTGCCAGGCGAATGTAAAGACTGACTAAGCATGTAGTACCGAGGATGTAGGAATTTCGGACGCGGGTTCAACTCCCGCCAGCTCCACCAAAT
2868694-2868830	ATGAGATCGCATGATCGTTTGAGGATCTTTTGTGTTAAGGCCCGCCAGTTCTGGCGGGCTTTTGCGTAGATCATGCAGGTGCATGAAAACCACTACATAAAGCGGGCAGGCGTGGCGGGGATACGAGCGCGCGCAAG
2926098-2926412	GGTATAGCACGGTTCAGGGTTCACCGCCGCTTCCCTGCCGACGGCGAACCATTCTTACAGTTTGCCAGCGACTTTCCGTCTGGGTAATGGCGGGATCGGATACGATTGTAGCCATTCGATATTTGATGATGAAAGTGATGTTGGCACCAACATACAAAGCGCCTGGTAATATTTATCAGGCGCTTTGCAGACAGAAAACCATCAAACATCAGTTTCTCGTTCTCCAGGAACTACTGGAAAATATGGCAACCCACAGTTATTGGGTTTTACTGTCGGGTCTTGCCAGGGATTTTGTGTTACCCCCAGGTCTTTTAA
2969932-2970005	ATCCGTAGCTCAGCTGGATAGAGTACTCGGCTACGAACCGAGCGGTCGGAGGTTCGAATCCTCCCGGATGCACC
2969932-2970005	ATCCGTAGCTCAGCTGGATAGAGTACTCGGCTACGAACCGAGCGGTCGGAGGTTCGAATCCTCCCGGATGCACC
2970202-2970275	ATCCGTAGCTCAGCTGGATAGAGTACTCGGCTACGAACCGAGCGGTCGGAGGTTCGAATCCTCCCGGATGCACC
2970202-2970275	ATCCGTAGCTCAGCTGGATAGAGTACTCGGCTACGAACCGAGCGGTCGGAGGTTCGAATCCTCCCGGATGCACC
2970341-2970414	ATCCGTAGCTCAGCTGGATAGAGTACTCGGCTACGAACCGAGCGGTCGGAGGTTCGAATCCTCCCGGATGCACC
2970341-2970414	ATCCGTAGCTCAGCTGGATAGAGTACTCGGCTACGAACCGAGCGGTCGGAGGTTCGAATCCTCCCGGATGCACC
2970480-2970553	ATCCGTAGCTCAGCTGGATAGAGTACTCGGCTACGAACCGAGCGGTCGGAGGTTCGAATCCTCCCGGATGCACC
2970480-2970553	ATCCGTAGCTCAGCTGGATAGAGTACTCGGCTACGAACCGAGCGGTCGGAGGTTCGAATCCTCCCGGATGCACC
2970560-2970649	TGAGGTGGCCGAGAGGCTGAAGGCGCTCCCCTGCTAAGGGAGTATGCGGTCAAAAGCTGCATCCGGGGTTCGAATCCCCGCCTCACCGCC
2970560-2970649	TGAGGTGGCCGAGAGGCTGAAGGCGCTCCCCTGCTAAGGGAGTATGCGGTCAAAAGCTGCATCCGGGGTTCGAATCCCCGCCTCACCGCC
3116703-3117057	GAGTCGTACAACGAAGCGAACGTCAGGATGATGACGCTTCAGCAGGACACGCCAGGATGGTGTTACAAGGAAAGGCTTCAGGATGAAGCAAAGTGGAAAGCGCAGGATGCGTTAAAGGACACCTCCAGGACGGAGAACGAGAGCCGATCAGGATGTTCGGCGGGTCTGGATGACCAGGGACGCTTCAGGAAGAAGCTATCACATCGGGCGATGTGCGCAGGATGCAAACGTTCAGGATGAACAGGCCGTAAGGTCACAGGAAAAGTTGTCACGGATGAGCAGGGAGCACGAAAAGTAGCTGGAATGCTGCGAAACGAACCGGGAGCACTGTTTATACAGTGCTCCCTTTTTTTTG
3116703-3117057	GAGTCGTACAACGAAGCGAACGTCAGGATGATGACGCTTCAGCAGGACACGCCAGGATGGTGTTACAAGGAAAGGCTTCAGGATGAAGCAAAGTGGAAAGCGCAGGATGCGTTAAAGGACACCTCCAGGACGGAGAACGAGAGCCGATCAGGATGTTCGGCGGGTCTGGATGACCAGGGACGCTTCAGGAAGAAGCTATCACATCGGGCGATGTGCGCAGGATGCAAACGTTCAGGATGAACAGGCCGTAAGGTCACAGGAAAAGTTGTCACGGATGAGCAGGGAGCACGAAAAGTAGCTGGAATGCTGCGAAACGAACCGGGAGCACTGTTTATACAGTGCTCCCTTTTTTTTG
3141070-3141143	CGCGGGGTGGAGCAGCCTGGTAGCTCGTCGGGCTCATAACCCGAAGGTCGTCGGTTCAAATCCGGCCCCCGCAA
3141070-3141143	CGCGGGGTGGAGCAGCCTGGTAGCTCGTCGGGCTCATAACCCGAAGGTCGTCGGTTCAAATCCGGCCCCCGCAA
3141176-3141249	CGCGGGGTGGAGCAGCCTGGTAGCTCGTCGGGCTCATAACCCGAAGGTCGTCGGTTCAAATCCGGCCCCCGCAA
3141176-3141249	CGCGGGGTGGAGCAGCCTGGTAGCTCGTCGGGCTCATAACCCGAAGGTCGTCGGTTCAAATCCGGCCCCCGCAA
3197431-3197501	GCGGGCGTAGTTCAATGGTAGAACGAGAGCTTCCCAAGCTCTATACGAGGGTTCGATTCCCTTCGCCCGCT
3197431-3197501	GCGGGCGTAGTTCAATGGTAGAACGAGAGCTTCCCAAGCTCTATACGAGGGTTCGATTCCCTTCGCCCGCT
3276153-3276225	GCCCGGATAGCTCAGTCGGTAGAGCAGGGGATTGAAAATCCCCGTGTCCTTGGTTCGATTCCGAGTCCGGGCA
3276153-3276225	GCCCGGATAGCTCAGTCGGTAGAGCAGGGGATTGAAAATCCCCGTGTCCTTGGTTCGATTCCGAGTCCGGGCA
3379011-3379083	GGCCCCTTAGCTCAGTGGTTAGAGCAGGCGACTCATAATCGCTTGGTCGCTGGTTCAAGTCCAGCAGGGGCCA
3379011-3379083	GGCCCCTTAGCTCAGTGGTTAGAGCAGGCGACTCATAATCGCTTGGTCGCTGGTTCAAGTCCAGCAGGGGCCA
3414806-3415186	GAAGAAGTGAAACTGACCGATAAGCCGGGTTCTGTCGTGGACAGTCATTCATCTAGGCCAGCAATCGCTCACTGGCTCAAGCAGCCTACCCGGGTTCAGTACGGGCCGTACCTTATGAACCCCTATTTGGCCTTGCTCCGGGTGGAGTTTACCGTGCCACGGACTGTTACCAGCCGCGCGGTGCGCTCTTACCGCACCCTTTCACCCTTACCTGATCCCACTTACGTGGGCCATCGGCGGTTTGCTCTCTGTTGCACTGGTCGTGGGTTTCCCCCCCAGGCGTTACCTGGCACCCTGCCCTATGGAGCCCGGACTTTCCTCCCCTCCGCCCGTCTCCCCGAAAGGACGACGACGAAGCGGCGACTGTCTGGTCAGCTTCGG
3414810-3415186	AAGTGAAACTGACCGATAAGCCGGGTTCTGTCGTGGACAGTCATTCATCTAGGCCAGCAATCGCTCACTGGCTCAAGCAGCCTACCCGGGTTCAGTACGGGCCGTACCTTATGAACCCCTATTTGGCCTTGCTCCGGGTGGAGTTTACCGTGCCACGGACTGTTACCAGCCGCGCGGTGCGCTCTTACCGCACCCTTTCACCCTTACCTGATCCCACTTACGTGGGCCATCGGCGGTTTGCTCTCTGTTGCACTGGTCGTGGGTTTCCCCCCCAGGCGTTACCTGGCACCCTGCCCTATGGAGCCCGGACTTTCCTCCCCTCCGCCCGTCTCCCCGAAAGGACGACGACGAAGCGGCGACTGTCTGGTCAGCTTCGG
3458513-3458586	CGCGGGGTGGAGCAGCCTGGTAGCTCGTCGGGCTCATAACCCGAAGGTCGTCGGTTCAAATCCGGCCCCCGCAA
3458513-3458586	CGCGGGGTGGAGCAGCCTGGTAGCTCGTCGGGCTCATAACCCGAAGGTCGTCGGTTCAAATCCGGCCCCCGCAA
3461762-3461845	GCCGAGGTGGTGGAATTGGTAGACACGCTACCTTGAGGTGGTAGTGCCCAATAGGGCTTACGGGTTCAAGTCCCGTCCTCGGTA
3461762-3461845	GCCGAGGTGGTGGAATTGGTAGACACGCTACCTTGAGGTGGTAGTGCCCAATAGGGCTTACGGGTTCAAGTCCCGTCCTCGGTA
3471414-3472378	ATGAAGCAGCAGGCAGGCATTGGCATTCTTTTAGCGCTCACTACCGCGATGTGCTGGGGAGCGTTGCCAATAGCAATGAAGCAAGTGCTGGAGGTGATGGAGCCTTCAACCATTGTCTTCTACCGCTTCTTAATGGCCAGTATTGGCCTCGGGGCGATACTGGCAGTAAAAAGAAAGCTGCCGCCGCTGCGTATTTTTCGTAAGCCGCGCTGGTTGGTGTTATTGGCGATAGCGACCTGCGGACTGTTCGGTAATTTCATTTTGTTCAGTTCTTCCCTGCAATATTTAAGCCCAACCGCGTCGCAGGTTATCGGCCAGCTCTCGCCGGTTGGCATGATGGTCGCCAGCGTCTTTATTCTGAAAGAAAAGATGCGCGGTACGCAGGTGATTGGCGCGCTGATGTTATTGAGCGGGCTGGTGATGTTTTTTAACACCAGTCTGATCGAGATTTTTACCCGACTGACCGACTACACCTGGGGCGTTATTTTTGGCGTAGGCGCGGCGATGGTGTGGGTGAGCTATGGCGTGGCGCAAAAAGTATTATTGCGACGTCTGGCTCGCAGCAGATCCTGTTTTTACTGTACACTTTATGTACGATAGCGCTCTTGCCGCTGGCAAAACCGATGGTGATAGCGCAACTGAGCGACTGGCAGCTCGCCTGTTTGATTTTCTGCGGGCTAAATACGCTGGTAGGATATGGCGCCCTGGCGGAAGCGATGGCGCGTTGGCAGGCGGCGCAGGTGAGCGCGATAATCACGCTTACACCGCTATTTACCCTGCTGTTTTCAGATCTTTTATCTATGGCCTGGCCCGATTTCTTCGCCAGACCGATGTTAAACCTTTTAGGTTATCTCGGTGCGTTTGTCGTGGTTGCGGGCGCGATGTATTCCGCCATTGGTCATCGTATTTGGGGCGGTTTACGCAAGCATGAAACGGTGGTTTCGCAACCCCGCTCAGGCGAATGA
3566629-3566750	GTCTGGCGGCAGTAGCGCGGTGGTCCCACCTGACCCCATGCCGAACTCAGAAGTGAAACGCCGTAGCGCCGATGGTAGTGTGGGGTCTCCCCATGCGAGAGTAGGGAACTGCCAGACATCAA
3566629-3566750	GTCTGGCGGCAGTAGCGCGGTGGTCCCACCTGACCCCATGCCGAACTCAGAAGTGAAACGCCGTAGCGCCGATGGTAGTGTGGGGTCTCCCCATGCGAGAGTAGGGAACTGCCAGACATCAA
3566791-3566863	CTGATATGGCTCAGTTGGTAGAGCGCACCCTTGGTAAGGGTGAGGTCCCCAGTTCGACTCTGGGTATCAGCAC
3566791-3566863	CTGATATGGCTCAGTTGGTAGAGCGCACCCTTGGTAAGGGTGAGGTCCCCAGTTCGACTCTGGGTATCAGCAC
3566874-3566995	GCCTGGCGGCACTAGCGCGGTGGTCCCACCTGACCCCATGCCGAACTCAGAAGTGAAACGCCGTAGCGCCGATGGTAGTGTGGGGTCTCCCCATGCGAGAGTAGGGAACTGCCAGGCATCAA
3566874-3566995	GCCTGGCGGCACTAGCGCGGTGGTCCCACCTGACCCCATGCCGAACTCAGAAGTGAAACGCCGTAGCGCCGATGGTAGTGTGGGGTCTCCCCATGCGAGAGTAGGGAACTGCCAGGCATCAA
3570314-3570386	TCCCCTTCGTCTAGAGGCCCAGGACACCGCCCTTTCACGGCGGTAACAGGGGTTCGAATCCCCTAGGGGACGC
3570314-3570386	TCCCCTTCGTCTAGAGGCCCAGGACACCGCCCTTTCACGGCGGTAACAGGGGTTCGAATCCCCTAGGGGACGC
3611815-3612050	ATGGACGAACAGCGGACCACGAACGTTCTCTTCCAGCGTGTTTAGCGCCTCGGCGGTACGGGCGATGTTGCCCTTCTCCACAAGCATCATTAAGATGGTGAGCTTGCGGAAGGTAATGTCATCGGTGATAGACAGGTTCATCGTCCGCCCCGTGCGTTAGAGCCTATCCCCGTAGGCGTAATTGTTGAAGCCAGTTTGGGGCCGGACAGCGCGCAGAAACCGGAGCGTACACATAG
3682667-3682780	AGCCCTGTAGCTCAACGGTAGAGCGGGTGATTCACCTTAACTTGTCGTGCCACCCTATTTTGGCGAATGCCTGTGGATCTACATTTGTTGCGGGTTCGAGACCCGTCAGAGCCC
3820424-3820497	CGGTGATTGGCGCAGCCTGGTAGCGCACTTCGTTCGGGACGAAGGGGTCGGAGGTTCGAATCCTCTATCACCGA
3820424-3820497	CGGTGATTGGCGCAGCCTGGTAGCGCACTTCGTTCGGGACGAAGGGGTCGGAGGTTCGAATCCTCTATCACCGA
3839295-3839630	GGTACTGCCAGACTTGATGCGGGTACCAATCCGGTTCTTCATTCAGATCAGGGCTGGCAATACCGTCATTGATGGTACCAGTATCAGTTACGAGAGTTTGGCATCATCCAAAGTATGTCCCGCAAAGGCAACTGCCTTGATAATGCCTGTGCAGAATGTTTTTTCGGGACTTTAAAATCAGAAAGTTTTTACACCAGTAAATTTAAGGATATTGATGAACTTAAGATAGCTATTGAGGATTACATACGATACTACAATACCCGACGAATTAGCCTTAAATTTAACGGACTCAGCCCGGTTGAATAGCGCCTAAAGAGCTATCCAGGCAGAAATTAA
3948588-3948678	GGAAGATCGTCGTCTCCGGTGAGGCGGCTGGACTTCAAATCCAGTTGGGGCCGCCAGCGGTCCCGGGCAGGTTCGACTCCTGTGATCTTCC
3948588-3948678	GGAAGATCGTCGTCTCCGGTGAGGCGGCTGGACTTCAAATCCAGTTGGGGCCGCCAGCGGTCCCGGGCAGGTTCGACTCCTGTGATCTTCC
4007188-4007475	GGAATCTTATTGCAAAATAACTGTAGTTCACTGGTGATGCGTTTTGGCGCAACCGCGCTCATTGCCGCTATTTTTCATTTCAGTTACGACCTTTTTCAACGCCACCGCCAGGAAAGGCATTATTGCCGAATTAAAAGCTGAAAAACCACCCGTCGCGACGAAAAAAAAGGCGAAGAAGATTGATAACTAACTGAAAAAAATTGGAATTATGCTCGTTGGCATTACGCTGATTAGCGCGTTCATTGAGGAAAGAGATAAGAAGAAGAGCAGAAGTGTGGCCGGTGCGGC
4101772-4101844	GTCCCCTTCGTCTAGAGGCCCAGGACACCGCCCTTTCACGGCGGTAACAGGGGTTCGAATCCCCTAGGGGACG
4101772-4101844	GTCCCCTTCGTCTAGAGGCCCAGGACACCGCCCTTTCACGGCGGTAACAGGGGTTCGAATCCCCTAGGGGACG
4105041-4105139	GAAGATGTTTTGGCGGTTAAGAGAAGATTTTCAGCACTGATTCAGATTACATCAGAACGTAAAAACGGTCTGATAACAGAATTTGCCTGGCGGCACTAG
4105041-4105139	GAAGATGTTTTGGCGGTTAAGAGAAGATTTTCAGCACTGATTCAGATTACATCAGAACGTAAAAACGGTCTGATAACAGAATTTGCCTGGCGGCACTAG
4105124-4105243	TGCCTGGCGGCACTAGCGCGGTGGTCCCACCTGACCCCATGCCGAACTCAGAAGTGAAACGCCGTAGCGCCGATGGTAGTGTGGGGTCTCCCCATGCGAGAGTAGGGAACTGCCAGGCAT
4105124-4105243	TGCCTGGCGGCACTAGCGCGGTGGTCCCACCTGACCCCATGCCGAACTCAGAAGTGAAACGCCGTAGCGCCGATGGTAGTGTGGGGTCTCCCCATGCGAGAGTAGGGAACTGCCAGGCAT
4105296-4105375	GGAGCGGTAGTTCAGTTGGTTAGAATACCTGCCTGTCACGCAGGGGGTCGCGGGTTCGAGTCCCGTCCGTTCCGCCACCC
4105296-4105375	GGAGCGGTAGTTCAGTTGGTTAGAATACCTGCCTGTCACGCAGGGGGTCGCGGGTTCGAGTCCCGTCCGTTCCGCCACCC
4105381-4105453	AGGGGCGTAGTTCAATTGGTAGAGCACCGGTCTCCAAAACCGGGTGTTGGGAGTTCGAGTCTCTCCGCCCCTG
4105381-4105453	AGGGGCGTAGTTCAATTGGTAGAGCACCGGTCTCCAAAACCGGGTGTTGGGAGTTCGAGTCTCTCCGCCCCTG
4125414-4125509	AGAAGTGGAAAGATTCCTGGCTCTTCGCTCATTCCGTCTTGTCGTTTCAGTTCTGCGTACTTTCCTGTGACCAGACAGCGAACAGACATGAGTTGA
4140921-4140994	GCGCCCGTAGCTCAGCTGGATAGAGCGCTGCCCTCCGGAGGCAGAGGTCTCAGGTTCGAATCCTGTCGGGCGTA
4140921-4140994	GCGCCCGTAGCTCAGCTGGATAGAGCGCTGCCCTCCGGAGGCAGAGGTCTCAGGTTCGAATCCTGTCGGGCGTA
4141052-4141124	GTGGCTATAGCTCAGTTGGTAGAGCCCTGGATTGTGATTCCAGTTGTCGTGGGTTCGAATCCCATTAGCCACC
4141052-4141124	GTGGCTATAGCTCAGTTGGTAGAGCCCTGGATTGTGATTCCAGTTGTCGTGGGTTCGAATCCCATTAGCCACC
4141148-4141231	GCGAAGGTGGCGGAATTGGTAGACGCGCTAGCTTCAGGTGTTAGTGTCCTTACGGACGTGGGGGTTCAAGTCCCCCCCCTCGCA
4141148-4141231	GCGAAGGTGGCGGAATTGGTAGACGCGCTAGCTTCAGGTGTTAGTGTCCTTACGGACGTGGGGGTTCAAGTCCCCCCCCTCGCA
4141277-4141350	CGGCGAGTAGCGCAGCTTGGTAGCGCAACTGGTTTGGGACCAGTGGGTCGGAGGTTCGAATCCTCTCTCGCCGA
4141277-4141350	CGGCGAGTAGCGCAGCTTGGTAGCGCAACTGGTTTGGGACCAGTGGGTCGGAGGTTCGAATCCTCTCTCGCCGA
4151327-4151849	ATGCAATATCGTAATTTGTTTTGCCTTTTTTCGCTTTCACTTCTGCTGCCTCCCGCCTGGGGATGCCGGCTGAGTGAATCTCCGCACAATGTTTATCAGCGGCAAGGCAGCGGCGTGGTTTATCTCCAGCCAGAAGAGGAGAACAATCTTTCGTTGCCGGAGGTGAGTTTCAAACGCCTGCGTCGGTTACCCAATTCATTGATTAACCCGGCAACTCAGGGCTGGAACTGGATAGCGCAACCCCCTTCCTGAACCGGGAAATTAACGCCGGAAAAGAGCATGGCTATTTTATGCGTGATAGCCAGCAAGGTCAGGGTATTCATGTCTTTAGCATCAATGGGCCGCTAAAAGTCACCGAGCGTTTTGCGTATGACAACCGCTAGTTTATACGTGGATTGGCAGCCAGCTTTACCGAACAGCATCCCCCTGCCCGGATAAGACGCATACTCTGAATAGGAACGTCATGTACACCAACAATAAAGACATCATCATCATAACGCAGGCACCGGAATGCCAAAAATGA
4197683-4197756	AGGCTTGTAGCTCAGGTGGTTAGAGCGCACCCCTGATAAGGGTGAGGTCGGTGGTTCAAGTCCACTCAGGCCTA
4197683-4197756	AGGCTTGTAGCTCAGGTGGTTAGAGCGCACCCCTGATAAGGGTGAGGTCGGTGGTTCAAGTCCACTCAGGCCTA
4197871-4197943	GGGGCTATAGCTCAGCTGGGAGAGCGCCTGCTTTGCACGCAGGAGGTCTGCGGTTCGATCCCGCATAGCTCCA
4197871-4197943	GGGGCTATAGCTCAGCTGGGAGAGCGCCTGCTTTGCACGCAGGAGGTCTGCGGTTCGATCCCGCATAGCTCCA
4201315-4201436	TGCCTGGCGGCACTAGCGCGGTGGTCCCACCTGACCCCATGCCGAACTCAGAAGTGAAACGCCGTAGCGCCGATGGTAGTGTGGGGTCTCCCCATGCGAGAGTAGGGAACTGCCAGGCATCA
4201315-4201436	TGCCTGGCGGCACTAGCGCGGTGGTCCCACCTGACCCCATGCCGAACTCAGAAGTGAAACGCCGTAGCGCCGATGGTAGTGTGGGGTCTCCCCATGCGAGAGTAGGGAACTGCCAGGCATCA
4326641-4326967	CTACGGGCGCGGTAAATCTGCGGATTCAGCTGGGTCAACGACGCCGGAAGCGGCTCCAGTTCGCTGTTTTTAATCTCCGCCAGCGGCGCGTCGCAGAGTGGGAATTCATCGCGCAGCCATTGACTCAGACGCTGACAGGCAACCTGTTCATCGGCACCGGAAATCACCAGCTGACAGTGGTCGCCAGCCAGCGTGTCGGTGCCAATCAGCGCCAGCGCGCTTTTGGCGCTGCCTTTGCGATCGGTGCGCAGGTTGTGCCACTCAATTTGCGACGTGAAGGTATTACACAGCGTTTCTACGTGGCTTGCCGGGCGCGCATGTACGCCA
4352754-4352827	AGGCTTGTAGCTCAGGTGGTTAGAGCGCACCCCTGATAAGGGTGAGGTCGGTGGTTCAAGTCCACTCAGGCCTA
4352754-4352827	AGGCTTGTAGCTCAGGTGGTTAGAGCGCACCCCTGATAAGGGTGAGGTCGGTGGTTCAAGTCCACTCAGGCCTA
4352942-4353014	GGGGCTATAGCTCAGCTGGGAGAGCGCCTGCTTTGCACGCAGGAGGTCTGCGGTTCGATCCCGCATAGCTCCA
4352942-4353014	GGGGCTATAGCTCAGCTGGGAGAGCGCCTGCTTTGCACGCAGGAGGTCTGCGGTTCGATCCCGCATAGCTCCA
4356386-4356506	TGCCTGGCGGCACTAGCGCGGTGGTCCCACCTGACCCCATGCCGAACTCAGAAGTGAAACGCCGTAGCGCCGATGGTAGTGTGGGGTCTCCCCATGCGAGAGTAGGGAACTGCCAGGCATC
4356386-4356506	TGCCTGGCGGCACTAGCGCGGTGGTCCCACCTGACCCCATGCCGAACTCAGAAGTGAAACGCCGTAGCGCCGATGGTAGTGTGGGGTCTCCCCATGCGAGAGTAGGGAACTGCCAGGCATC
4359738-4359842	TATTCGTCACATTGCTTCTCAGGGATAGCTTTCACAGCGAGATTTTTTCTTATTATTCCTCCCCATCTGGTGTTACCCTCCTGCCCATTGTCCAAATTAACTTAA
4360059-4360131	GCCGACTTAGCTCAGTAGGTAGAGCAACTGACTTGTAATCAGTAGGTCACCAGTTCGATTCCGGTAGTCGGCA
4360059-4360131	GCCGACTTAGCTCAGTAGGTAGAGCAACTGACTTGTAATCAGTAGGTCACCAGTTCGATTCCGGTAGTCGGCA
4360143-4360224	GGTGGGGTTCCCGAGCGGCCAAAGGGAGCAGACTGTAAATCTGCCGTCACAGACTTCGAAGGTTCGAATCCTTCCCCCACCA
4360143-4360224	GGTGGGGTTCCCGAGCGGCCAAAGGGAGCAGACTGTAAATCTGCCGTCACAGACTTCGAAGGTTCGAATCCTTCCCCCACCA
4360344-4360415	GCGGGCATCGTATAATGGCTATTACCTCAGCCTTCCAAGCTGATGATGCGGGTTCGATTCCCGCTGCCCGCT
4360344-4360415	GCGGGCATCGTATAATGGCTATTACCTCAGCCTTCCAAGCTGATGATGCGGGTTCGATTCCCGCTGCCCGCT
4360425-4360497	GCTGATATAGCTCAGTTGGTAGAGCGCACCCTTGGTAAGGGTGAGGTCGGCAGTTCGAATCTGCCTATCAGCA
4360425-4360497	GCTGATATAGCTCAGTTGGTAGAGCGCACCCTTGGTAAGGGTGAGGTCGGCAGTTCGAATCTGCCTATCAGCA
4396316-4396388	GTCCCCTTCGTCTAGAGGCCCAGGACACCGCCCTTTCACGGCGGTAACAGGGGTTCGAATCCCCTAGGGGACG
4396316-4396388	GTCCCCTTCGTCTAGAGGCCCAGGACACCGCCCTTTCACGGCGGTAACAGGGGTTCGAATCCCCTAGGGGACG
4399810-4399931	TGCCTGGCGGCCGTAGCGCGGTGGTCCCACCTGACCCCATGCCGAACTCAGAAGTGAAACGCCGTAGCGCCGATGGTAGTGTGGGGTCTCCCCATGCGAGAGTAGGGAACTGCCAGGCATCA
4399810-4399931	TGCCTGGCGGCCGTAGCGCGGTGGTCCCACCTGACCCCATGCCGAACTCAGAAGTGAAACGCCGTAGCGCCGATGGTAGTGTGGGGTCTCCCCATGCGAGAGTAGGGAACTGCCAGGCATCA
4566593-4566665	GATAGCTCAGTCGGTAGAGCAGGGGATTGAAAATCCCCGTGTCCTTGGTTCGATTCCGAGTCCGGGCACCACT
4566593-4566665	GATAGCTCAGTCGGTAGAGCAGGGGATTGAAAATCCCCGTGTCCTTGGTTCGATTCCGAGTCCGGGCACCACT
4596428-4596500	ACAAATTTGCGGGAATAGCTCAGTTGGTAGAGCACGACCTTGCCAAGGTCGGGGTCGCGAGTTCGAGTCTCGT
4596428-4596500	ACAAATTTGCGGGAATAGCTCAGTTGGTAGAGCACGACCTTGCCAAGGTCGGGGTCGCGAGTTCGAGTCTCGT
4596660-4596732	AAGATTATGCGGGAATAGCTCAGTTGGTAGAGCACGACCTTGCCAAGGTCGGGGTCGCGAGTTCGAGTCTCGT
4596660-4596732	AAGATTATGCGGGAATAGCTCAGTTGGTAGAGCACGACCTTGCCAAGGTCGGGGTCGCGAGTTCGAGTCTCGT
4596892-4596964	AAGATTATGCGGGAATAGCTCAGTTGGTAGAGCACGACCTTGCCAAGGTCGGGGTCGCGAGTTCGAGTCTCGT
4596892-4596964	AAGATTATGCGGGAATAGCTCAGTTGGTAGAGCACGACCTTGCCAAGGTCGGGGTCGCGAGTTCGAGTCTCGT
4731014-4731095	GCATACCTCTTCAGTGCCGAAGTGGCGAAATCGGTAGACGCAGTTGATTCAAAATCAACCGTAGAAATACGTGCCGGTTCGA
4731014-4731095	GCATACCTCTTCAGTGCCGAAGTGGCGAAATCGGTAGACGCAGTTGATTCAAAATCAACCGTAGAAATACGTGCCGGTTCGA
4810631-4810714	TAGACGCGCTAGCTTCAGGTGTTAGTGTCCTTACGGACGTGGGGGTTCAAGTCCCCCCCCTCGCACCAATTATCTTATCCTTCC
4810631-4810714	TAGACGCGCTAGCTTCAGGTGTTAGTGTCCTTACGGACGTGGGGGTTCAAGTCCCCCCCCTCGCACCAATTATCTTATCCTTCC
4810749-4810832	TAGACGCGCTAGCTTCAGGTGTTAGTGTTCTTACGGACGTGGGGGTTCAAGTCCCCCCCCTCGCACCAACGAGGCGATATCAAA
4810749-4810832	TAGACGCGCTAGCTTCAGGTGTTAGTGTTCTTACGGACGTGGGGGTTCAAGTCCCCCCCCTCGCACCAACGAGGCGATATCAAA
4810863-4810946	TAGACGCGCTAGCTTCAGGTGTTAGTGTCCTTACGGACGTGGGGGTTCAAGTCCCCCCCCTCGCACCAAAACCACGTTGATATT
4810863-4810946	TAGACGCGCTAGCTTCAGGTGTTAGTGTCCTTACGGACGTGGGGGTTCAAGTCCCCCCCCTCGCACCAAAACCACGTTGATATT
15921-16377	TGGTAAGTATGTTACAAACACTTTCCTCCTTCCGTCGCTAATACACCTCATTTTTACGCTTTGATTTAATATGGTTTTAAATGATGTGCTTTGATTTTTACCCTCCTGACAGGGCGCTTACACTCCTTGTGTTAATTATTCATTTATAATGATTTCGGAGTGTTAAAATGTCTATTCCCAACCATGTGTCGACAACGGAAGTTGTGCTATTGGAGCTAGAGATCTTACTCACTATTATTTCGATTGGCGCGTGGGGAGGCTTTGTCAGCTATCTTTTACGCAAAGATAAGACAGAATATAATAGTTCTCATGAAAGTATTAAATATTGCTTAACGCAGATCGTGATTTCCTGCTTCACCAGTTTCTTGTTAAGCGCGATTGCGATCGAAAAAGAATGCAGTTTCAACATTGTTCTGTTGGCGGCAGGCTTAGGCGGTGTTTTCGCGAGTCCGATCTT
16074-16380	TTTAAGATCGGACTCGCGAAAACACCGCCTAAGCCTGCCGCCAACAGAACAATGTTGAAACTGCATTCTTTTTCGATCGCAATCGCGCTTAACAAGAAACTGGTGAAGCAGGAAATCACGATCTGCGTTAAGCAATATTTAATACTTTCATGAGAACTATTATATTCTGTCTTATCTTTGCGTAAAAGATAGCTGACAAAGCCTCCCCACGCGCCAATCGAAATAATAGTGAGTAAGATCTCTAGCTCCAATAGCACAACTTCCGTTGTCGACACATGGTTGGGAATAGACATTTTAACACTCCGAA
49448-49860	CTACGGATTTTTATGGAACAACCCGGCAGTCGGACGCGTAACCTTTGCCCAAAACGTTACCGAATGGGAAGCGCAGGTCAGCGAACAGCTGGACTACTGGATCACGGCTGGCGATACCCCGGCAGAAATTAGCCGGGCTTACGCGCTGGCTACCGGCACACCGCCGATGATGCCGGACTACGCCATGGGCTTCTGGCAGTGCAAACTCCGTTATCGTACGCAGGAAGAGCTGCTGGAGGTCGCCCGCGAATATAAGCGCCGCAATCTGCCTATCTCAGTGATCGTAATCGACTTCTTTCACTGGCCGAATCAGGGTGACTGGATGTTCGATGCGCGCGACTGGCCCGATCCTGATGCCATGATTGCCGAGCTGAAATCGCTGGGAATTGAGCTGATGGTCTCCGTCTGGCCGA
53906-54186	CGCGGCGACCTCGCCAAGCGTGAACCGGGAATGCTGGCGCGTTGGACCGATGATGATCTGTACGGCATCATTCGTGCGGCCAAAAAAGGCAAAAAAACCTTCATTCTGCATGATGGCCCTCCATATGCGAATGGCAGCATTCATATTGGTCACTCAGTTAACAAGATTCTGAAAGACATTATCGTGAAGTCCAAAGGACTGTCGGGATTTGACTCGCCTTACGTGCCGGGCTGGGACTGTCACGGTCTGCCTATCGAGTTGAAAGTCGAGCAGGAGTTCGG
58994-59812	TGGATGGACGCAACAAGCGCCACGGTGCTGGAGCTACCTGCCTGGGAGCGAAACTATACCGGGACTATCGCGGGGAAACCGGTAAACGTTAATATCACGCGATTTGGTAACTCTCTTAATGGGTATTACTGCTATGAACCTTGCAATCAGCACAAGGCAGTGATTGTTCTACGCGGCTCACTCCAGGATAAAGAGGTGCATCTTGAAGAACGCGTAAAGGCGCTTTCGGGTTACTGGAATGCGGAAATCTCCAGCAGTGAGATTAAAGGCGAATGGACGTCCGCAGATAAAAAACGACATTTTCCTGTTGCCCTTATCTATTACAAACCTAAAAACTCCCCTGATATTGTGCTGGTCACGAACACGAATGATGCAGGGGGTTACGACCCTTCCAAAGAGATTGATTGCGGCAATACGCCGGCCATTTCGGCGATAAAATTATACCGTGATGGTAAACTCATACAGACCTTAGATACCGCCTCGGTGGGCACTTGTAGCCCGTTTATGCCTCAATGGGGGGATGTCAATTTTGATGGCTACCCGGATCTGTCGATTGTAACAGAGTTACTTGCTGGGCCGGATGCTCCAGTTCAAACATGGCTCTATGACCCCGCCAAACAGCGTTATGTTGATGCGCCAGCGTCTTATCAGGAAATCACTTCACCAGAGATCGATGCTGAACATAAACAGATTGTCAGCTATTGGCGCGGCGGTTGCTGCAGCCATGGCGTCAATGTGTATCGCTGGAAAGGAAAAACGATTGAACTGATCGATCGCGGTGAAAGCTACTTTCAGCCTGTGATCAGTAAAGGCAAAATG
61455-61622	TTTTTTACCCGATGGCAAAGGGATCGATTTAATTCGTCATACCATCAGCACCAACTACACGGGGCGAATTATTTTCATTACCGCCGACAATCATATGGATACCATCAGCGATGCCTTACGCATGGGCGTATTCGATTACCTGATTAAGCCGGTACATTATCAGCGCCT
61455-61622	TTTTTTACCCGATGGCAAAGGGATCGATTTAATTCGTCATACCATCAGCACCAACTACACGGGGCGAATTATTTTCATTACCGCCGACAATCATATGGATACCATCAGCGATGCCTTACGCATGGGCGTATTCGATTACCTGATTAAGCCGGTACATTATCAGCGCCT
89306-89875	CTGCCCCTATCGCCAGACCGCCGTAGACCATATGTTTAACCGCCGCTTTTCCATCCTGCAGGGAGACGTCGCTGGCATCGTTGGAAACCGCAGCCGACAAGCGATAGCCCAGCTTTGCCGCCAACAGCTTGCCCCGACGCGTATTCGGCAGCAGCACCGCGCCGCCCTCGCTATGCTGACGAATAGTCTCAGCCATCGCAGCAGCGTAGTCTTCGATCATGCGGTCTTCTGGTTTGCCGCTGAGCAGCCAGACATGATCCGCGCCCAAATGACATGCTGTCGCGCTGTCTGCTTCGTTCAGTACGAACGCGTTAACTTTTTCACCTACAGCCTGCGCGCCACTCATCAGTTCGGGCAGACGAGAAGGGGTATCGCTGAATACCCAGACACTGGAAAATTTGTTCATAACATCCCCTGATAATTAAATGATTTTGCGCAGATTCTCGACAAACGCGGCGATTTGTTCTTCACCGTCACCTTCAATCACCACACGCTGACGCTCGCGCTGCTTCGGTGCGGCAACCTGTTGTGCGGAATACGCGGGTACGCTGTTCAGCCCGATATCCGCAG
