位点 22382-22558	ATGAGTCAGCAAGTGGCGGTGGAAAAACTGGTCGTGGACGCCTGGGAACAGCGTTCATATCAGCACCTGTGGTAGGCGATTACGTTGTCGAAAACGGTACCGAGCGCCTCGGTCGCCAAAGCTATTCTGGATGAGTTGCTGGAGGCCAACAAAGCGTACTGGCCAGAGTTACGTTAA
位点 47673-47767	GGAAGATCGTCGTCTCCGGTGAGGCGGCTGGACTTCAAATCCAGTTGGGGCCGCCAGCGGTCCCGGGCAGGTTCGACTCCTGTGATCTTCCGCCA
位点 47673-47767	GGAAGATCGTCGTCTCCGGTGAGGCGGCTGGACTTCAAATCCAGTTGGGGCCGCCAGCGGTCCCGGGCAGGTTCGACTCCTGTGATCTTCCGCCA
位点 82189-82689	GACATTCCACTCATATTCTCACCAGCATATATAAAAAAAGAACTAGATATCACATCAGGACGTTACTTTTTCTACGATTTTCGCGAACATGATACCACCGTATCGTCTGTGGAAGATTTGTATATATCAAGACCGTGGGTTGAATATATAGCTGAAAGCATGGATAAAAATCAGCCAATACCCAGCATACTCCATTTGGGTTCACACGATCTTTATGAAAAGGAATTTAAAAACATAGAGCATGGAAATAGAGCACGACATAGCCTGAACCGTGAGAATAGCATTATGGCGTTGATTTATGTGAAACGGCACTATCCGGAAGAGTGCAAAGGGAAAAACGGGAAAGAAACCAACGAAGCGTGGGCAAACGCTACGATAGACCACTGGCCACATGTGGGTGGCGATTATGATGAACCATCTACAGATTATTTAAAGAAGATCATATCTGACATGGACAGATTGCCGGAAAAACGTACCACGGCAGGAAAGAAGAAATCATGA
位点 84023-84370	ATGAAAAAACTACCACCAAATCTCTTTTTCCGACTTAATAGAGCAGCAAATTTATTAGAAATAGAAGTCGATGATCTTCTACTTATGGGAGTATCAGGCTCTATATTTTTGAGCACAATAATTCACCAGTATGAAGGCGTACTCTATCAAGCGGGAAACTTGCCACCAGACCACGGCAGCAAAGACATAGAAAACTTATTATTTGGTTCTATTATTTCTACTAGAGAAGATACCGAAAGATATCTAAATGAAGGTGTTTTCGATGGTATGAAGTGCTTAGCAAGTGGATTATGGCACGTTCCTAGTGATTTCATTGCTTCCCTTGCAGGGGTTAAGAGAGCCCCTGAC
位点 138094-139052	TTCCCGCCGGCACGGTGCAGATGCTCGACCGGCTGGAAAGTGAAATCCTGGCTGACCGGGTGAGTGAGGAAAGCCGCCGCTGGCTGGCATCGTGCGGCCTGACCGTGGAGCAGATGAAAAACCAGATGGACCCGGTGTACACGCCGGCGCGAAAAATCCACCTGTACCACTGCGACCATCGCGGCCTGCCGCTGGCGCTCATCAGCACGGAAGGGGCAACAGCGTGGTGCGCAGAATATGATGAATGGGGCAACCTGCTGAGTGATGAGAACCCGCATCATCTGCAGCAGCTCATTCGCCTGCCGGGTCAGCAGTATGATGAGGAGTCCGGCCTGTATTACAACCGCCACCGCTATTATGACCCGCTGCAGGGGCGGTATATCACTCAGGATCCGATTGGGCTGAAGGGGGGATGGAATTTTTATCAGTATCCGTTGAATCCGGTCATAAATGTAGATCCGCAAGGTTTGGTTGATATAAATTTATACCCCGAAAGTGATCTTATCCATTCTGTAGCTGATGAGATTAATATCCCAGGCGTTTTCACAATCGGGGGGCATGGTACCCCCACATCTATTGAATCCGCAACGCGCAGTATCATGACAGCTAAAGATCTAGCATATCTAATTAAATTTGATGGGAATTATAAAGATGGGATGACAGTTTGGTTATTTTCTTGTAATACAGGTAAAGGACAAAATTCATTTGCTAGCCAATTAGCTAAAGAGTTACATACAAATGTAATAGGACCTGACACGCTATGGACGTGGTGGGGGCGAGGAACTAATGGTAAGTTAAAAATGGATACAGTGCTAACAGCACCAACGAACCTTAATTCAAATAAGGATCTAATGGCTATAACAACAAAAGACCTTGGTAATTGGATAACATATGGGCCATCTGGGCACCCCATTTCTAATATGCAAGGTACGCCAGAAAAACCCAGTGATATAAGATAG
位点 139080-139921	ATGTCAAATACATACCAGAAAAGAAAGGCAAGTAAAGAGTATGGTTTATATAATCAATGTAAGAAACTAAATGATGATGAATTATTTCGCTTACTTGATGATCACAATTCCTTGAAAAGGATTTCATCTGCCAGAGTATTACAGTTAAGAGGTGGGCAAGACGCTGTTAGATTGGCAATTGAGTTCTGCTCTGATAAAAATTATATCCGTAGAGATATCGGAGCATTTATACTCGGGCAAATAAAAATTTGCAAAAAATGCGAAGATAATGTTTTTAATATTTTGAACAATATGGCATTGAATGATAAGAGCGCTTGCGTTCGAGCTACGGCAATCGAGTCAACGGCTCAGCGATGCAAGAAAAACCAAATTTATTCACCTAAAATAGTAGAACAATCTCAAATTACTGCTTTTGATAAATCGACTAATGTCAGACGTGCTACAGCATTTGCTATTTCTGTTATCAATGATAAAGCAACAATTCCACTATTGATTAATCTGTTAAAAGATCCAAATGGAGATGTCAGAAACTGGGCCGCATTTGCAATAAATATCAATAAATATGATAATAGTGATATTAGGGATTGTTTTGTGGAGATGCTTCAGGATAAAAATGAGGAAGTCCGTATTGAAGCAATAATCGGACTTTCCTACAGAAAAGATAAAAGGGTTTTATCTGTTTTATGCGATGAGTTAAAAAAAATACTGTTTATGATGATATCATTGAAGCTGCGGGTGAATTAGGTGATAAAACGCTACTTCCTGTTTTAGATACTATGTTGTACAAGTTTGATGACAATGAAATTATAACTTCCGCTATTGATAAGCTGAAGCGTTCATAG
位点 209083-209159	CGGTGATTGGCGCAGCCTGGTAGCGCACTTCGTTCGGGACGAAGGGGTCGGAGGTTCGAATCCTCTATCACCGACCA
位点 209083-209159	CGGTGATTGGCGCAGCCTGGTAGCGCACTTCGTTCGGGACGAAGGGGTCGGAGGTTCGAATCCTCTATCACCGACCA
位点 209194-209327	TGCATCTGCAGCTCATGAGGATGAGAACCTCCGGGGGCAGGGAGGTTCGACTCGAGCGAAGCGAGAGAACGTTGCGCCAGCAACGGCCCGCAGGGCGAGCCACGAAGTGGCGAGTAATCCTCTATCACCGACCA
位点 209194-209327	TGCATCTGCAGCTCATGAGGATGAGAACCTCCGGGGGCAGGGAGGTTCGACTCGAGCGAAGCGAGAGAACGTTGCGCCAGCAACGGCCCGCAGGGCGAGCCACGAAGTGGCGAGTAATCCTCTATCACCGACCA
位点 468456-468532	AGGCTTGTAGCTCAGGTGGTTAGAGCGCACCCCTGATAAGGGTGAGGTCGGTGGTTCAAGTCCACTCAGGCCTACCA
位点 468456-468532	AGGCTTGTAGCTCAGGTGGTTAGAGCGCACCCCTGATAAGGGTGAGGTCGGTGGTTCAAGTCCACTCAGGCCTACCA
位点 468575-468650	GGGGCTATAGCTCAGCTGGGAGAGCGCCTGCTTTGCACGCAGGAGGTCTGCGGTTCGATCCCGCATAGCTCCACCA
位点 468575-468650	GGGGCTATAGCTCAGCTGGGAGAGCGCCTGCTTTGCACGCAGGAGGTCTGCGGTTCGATCCCGCATAGCTCCACCA
位点 471832-471947	CCTGGCGGCCGTAGCGCGGTGGTCCCACCTGACCCCATGCCGAACTCAGAAGTGAAACGCCGTAGCGCCGATGGTAGTGTGGGGTCTCCCCATGCGAGAGTAGGGAACTGCCAGGC
位点 471832-471947	CCTGGCGGCCGTAGCGCGGTGGTCCCACCTGACCCCATGCCGAACTCAGAAGTGAAACGCCGTAGCGCCGATGGTAGTGTGGGGTCTCCCCATGCGAGAGTAGGGAACTGCCAGGC
位点 471962-472037	GCTGATATGGCTCAGTTGGTAGAGCGCACCCTTGGTAAGGGTGAGGTCCCCAGTTCGACTCTGGGTATCAGCACCA
位点 471962-472037	GCTGATATGGCTCAGTTGGTAGAGCGCACCCTTGGTAAGGGTGAGGTCCCCAGTTCGACTCTGGGTATCAGCACCA
位点 472077-472192	TCTGGCGGCAGTAGCGCGGTGGTCCCACCTGACTCCATGCCGAACTCAGAAGTGAAACGCCGTAGCGCCGATGGTAGTGTGGGGTCTCCCCATGCGAGAGTAGGGAACTGCCAGAC
位点 472077-472192	TCTGGCGGCAGTAGCGCGGTGGTCCCACCTGACTCCATGCCGAACTCAGAAGTGAAACGCCGTAGCGCCGATGGTAGTGTGGGGTCTCCCCATGCGAGAGTAGGGAACTGCCAGAC
位点 565813-565899	GCCGAGGTGGTGGAATTGGTAGACACGCTACCTTGAGGTGGTAGTGCCCAATAGGGCTTACGGGTTCAAGTCCCGTCCTCGGTACCA
位点 565813-565899	GCCGAGGTGGTGGAATTGGTAGACACGCTACCTTGAGGTGGTAGTGCCCAATAGGGCTTACGGGTTCAAGTCCCGTCCTCGGTACCA
位点 569682-569758	CGCGGGGTGGAGCAGCCTGGTAGCTCGTCGGGCTCATAACCCGAAGGTCGTCGGTTCAAATCCGGCCCCCGCAACCA
位点 569682-569758	CGCGGGGTGGAGCAGCCTGGTAGCTCGTCGGGCTCATAACCCGAAGGTCGTCGGTTCAAATCCGGCCCCCGCAACCA
位点 619663-620039	GAAGCTGACCAGACAGTCGCCGCTTCGTCGTCGTCCTCTTCGGGGGAGACGGGCGGAGGGGAGGAAAGTCCGGGCTCCATAGGGCAGGGTGCCAGGTAACGCCTGGGGGGGAAACCCACGACCAGTGCAACAGAGAGCAAACCGCCGATGGCCCGCGCAAGCGGGATCAGGTAAGGGTGAAAGGGTGCGGTAAGAGCGCACCGCGCGGCTGGTAACAGTCCGTGGCACGGTAAACTCCACCCGGAGCAAGGCCAAATAGGGGTTCATAAGGTACGGCCCGTACTGAACCCGGGTAGGCTGCTTGAGCCAGTGAGCGATTGCTGGCCTAGATGAATGACTGTCCACGACAGAACCCGGCTTATCGGTCAGTTTCACCT
位点 619663-620039	GAAGCTGACCAGACAGTCGCCGCTTCGTCGTCGTCCTCTTCGGGGGAGACGGGCGGAGGGGAGGAAAGTCCGGGCTCCATAGGGCAGGGTGCCAGGTAACGCCTGGGGGGGAAACCCACGACCAGTGCAACAGAGAGCAAACCGCCGATGGCCCGCGCAAGCGGGATCAGGTAAGGGTGAAAGGGTGCGGTAAGAGCGCACCGCGCGGCTGGTAACAGTCCGTGGCACGGTAAACTCCACCCGGAGCAAGGCCAAATAGGGGTTCATAAGGTACGGCCCGTACTGAACCCGGGTAGGCTGCTTGAGCCAGTGAGCGATTGCTGGCCTAGATGAATGACTGTCCACGACAGAACCCGGCTTATCGGTCAGTTTCACCT
位点 637586-637953	ATGGACTGGTATCTGAAAGTACTAAAAAATTATGTCGGTTTCCGGGGTCGTGCGCGGCGCAAAGAGTACTGGATGTTTATTCTGGTCAACATCATCTTTACGTTCGTGCTGGGGCTGCTGGATAAAATGTTAGGCTGGCAACGCGCTGGTGGCGAAGGCATCCTGACGACAATCTATACGGTATTCTGGTGTTTTTACCGTGGTGGGCAGTTCAGTTCCGCCGCCTGCACGACACCGACCGCTCGGCGTGGTGGGCACTGTTGTTCTTAATCCCGTTTATCGGCTGGCTTATTATCATCGTCTTTAACTGCCAGGCGGGTACGCCAGGCGAAAACCGCTTTGGACCAGATCCGAAACTGGAACCTTAA
位点 661060-661143	CGTTTATGCTACATACGTGAAGTTATGACGCATAAAGAATACGATTTCTTTACCGCTGTTCATCGTACTAAGGGGAAAAAATGA
位点 679500-679575	GGCCCCTTAGCTCAGTGGTTAGAGCAGGCGACTCATAATCGCTTGGTCGCTGGTTCAAGTCCAGCAGGGGCCACCA
位点 679500-679575	GGCCCCTTAGCTCAGTGGTTAGAGCAGGCGACTCATAATCGCTTGGTCGCTGGTTCAAGTCCAGCAGGGGCCACCA
位点 797374-797523	ATGAAACTGGCCCTGACGCTGGAAGCCGACAGCGTTAACGTGCAGGCGCTGAACATGGGGCGAATTGTCGTTGACGTCGATGGTGTTAATCTCATTGAACTGATTAACAAGGTCGCTGAAAACGGTTATTCACTCCGCGTGGTGGATGAA
位点 809234-809445	GTGGATGAACTGAAAAGTGCCCGGGAGCAACAAAAAAGGCGTGATGAACGTGCTGATGGTTCCGTTCCGCTGAAACTGTCCGGAAAAATCCACAAACAGCCTGAAAGTATTGCCCGAAGTCGTGGTGCCCCCCAAAAAAACTGTTGAATGAAATGATTGAGCTGGCGTACCAGGATTTTGTGGCAAATGAGCAGCACAAGACTCGGAGTTAA
位点 810684-810782	ACAACAGCGCTCCTGGATTGACTGCTGCATCACTCAACCACGCTGAATATCAAAGGAGAGCGTTACCGATTAAAAGAGAAACGGAAAGCTGTGGTGATG
位点 817984-818162	ATGTTGACTACAACAAGCCACGACAGCGTATTTCTGCGTGCCGATAATTCCCTGATTGACATGAACTATATCACCAGTTTCACCGGTATGACCGACAGAGGGTTTTATAAGCTGATCAGTGAAGATTCATCAAGCCGGGCCGATCCAGCCGCAGGTATAAAAGCGAAGTGTCACAGTAG
位点 819828-820000	CTGGCAGAGAGAGGTTATGCCGGACTGGCGGATAACCGGAACCGGTTGGCAGAGGTGGTTACCCGTAAATTGCAGGACAGCTTTTATATGAACTTTCCTGGGATGCGCTGAACACGGCATACAGTGAACACCCAGAGTGGTTTTCCGGGCTTGTCTCCGGGGATGAGAATTAA
位点 834675-835358	ATGGACACCTCACTTGCTCATGAGAATGCCCGCCTGCGGGCACTGTTGCAGACGCAACAGGACACCATCCGCCAGATGGCCGAATACAACTGCCTGCTCTCACAGCGGGTGGCGGCTTATGCTTCTGAAATCAACCGGCTGAAGGCGCTGGTTGCAAAACTACAGCGCATGCAGTTCGGTAAAAGCTCAGAAAAACTTCGCGCAAAAACCGAACGACAGATACAGGAAGCACAGGAGCGAATCAGCGCACTTCAGGAAGAAATGGCAGAAACGCTGGGTGAGCAGTATGATCCGGTACTGCCATCCGCCCTGCGCCAGTCTTCAGCCCGTAAACCGTTACCGGCCTCACTTCCACGTGAAACCCGGGTTATCCGGCCGGAAGAGGAATGCTGCCCGGCCTGTGGTGGCGAACTCAGTTCTCTGGGATGTGATGTGTCAGAGCAACTGGAGCTTATCAGCAGCGCCTTTAAGGTTATCGAAACACAACGTCCGAAACTGGCCTGTTGCCGGTGCGACCATATCGTGCAGGCACCGGTGTCTTCAAAACCCATTGCACGCAGCTATGCCGGAGCGGGGCTTCTGGCCCATGTCGTCACCGGGAAGTATGCAGACCATCTGCCGTTATACCGCCAGTCAGAAATATACCGTCGTCAGGGTGTGGAGGTGAGCCGCGCCACGCTGGGG
位点 835378-835449	TTGTCCATGCTTCTTGAGGGCATCAACTGGAAGCACCCGAAACGAACGGAACGCGCTGGAATCCGCATATAA
位点 835952-836302	ATGATCTCACTCCCATCCGGTACCCGTATCTGGCTCGTTGCCGGGATAACCGATATGCGTAAGTCTTTCAACGGGCTGGGTGAATAGGTACAGCATGTGTTAAATGTTAATCCCTTCTCCGGTCACCTGTTTATCTTCCGTGGCCGACGGGGTGACACCGTTAAAATTCTTTGGGCTGATGCTGATGGTCTGTGCCTGTTCACCAAACGCCTGGAGGAAGGCCAGTTTATCTGGCCTGCGGTATGTGACGGCAAGGTATCCATTACCCGCTCGCAACTGGCAATGCTCCTCGATAAGCTGGACTGGCGTCAGCCAAAAACATCCCGCCGTAACTCACTGACAATGTTGTAA
位点 847085-847947	GTGACGCTCAATACTTCTCAGGTCAGTTACTATATTACTCAGCGTAAGCAAGGTATAACCCAGCATATCTCGGCCATGAAAGCGGGTATCTCAGTCCGTTCTGGTCGTCGGATCGAAAAAGGCCAGAGGGCAAAAAATAGTGTTCGGCACTGGAGCACACGCAAAGATCCTCTGGAAGCAGTGTGGGACAGCATGCTTGTTCCTCTGTTGAAAGAGAGGCCTGTTCTGACACCAACAACTCTGCTGGAGATGCTACAGGATAAATATCCCGGCCAGTATCCCAACAGCTTTCGAAGAACAATGCAACGGCGGGGGCGCGAATGGAAATTACAGTCTGGTGCAGAGCAGGAGGTCATGTTCCGCCAGTGGCATCAGCCCGGTCTGCGAGGCCTGTTGGACTTTACCAAACTGAAAGGTGTGGTGGTCACTATCGCCGGTAAATTGTTGGTGCATATGTTGTATAACTTCCGTCTGGAATGGAGCCACTGGAGCTGAATGCGAGTTGTGCTGGCTGGTGAGAGCTTCTCTGCTCTGGCTGAAGGTCTGGCAGGAAGCCCTCGGACAACTGGGGGGAGTGCCGGCAGAACATAAAACGGACAGCCTGAGGGCGGCATGGAAACAACAAGGCAAAAGATGGAGGCCGCGAGTTGACTGAGCGCTATGCTGCTCTCTGTCAGCACTACGGAATGCAGGGCGTACACGATAATGCCGGTTGGGGCCACGAAAATGGCTCGGTTGAAAGTGCCCACGGACATCTAAAAAGGCGTATCTGTCAGGCACTGATACTGCGGGGCAGTAACTCCTTCAGCACCATGGAAGAATATCAGGCCTTCATCACTCAGCAGGTTATGCGGCACAACCGT
位点 873728-873803	GCCCGGATAGCTCAGTCGGTAGAGCAGGGGATTGAAAATCCCCGTGTCCTTGGTTCGATTCCGAGTCCGGGCACCA
位点 873728-873803	GCCCGGATAGCTCAGTCGGTAGAGCAGGGGATTGAAAATCCCCGTGTCCTTGGTTCGATTCCGAGTCCGGGCACCA
位点 942849-943032	ATTTCTCTGAGATGTTCGCAAGCGGGCCAGTCCCCTGAGCCGATATTTCATACCACAAGAATGTGGCGCTCCGCGGTTGGTGAGCATGCTCGGTCCGTCCGAGAAGCCTTAAAACTGCGACGACACATTCACCTTGAACCAAGGGTTCAAGGGTTACAGCCTGCGGCGGCATCTCGGAGATTCC
位点 942849-943032	ATTTCTCTGAGATGTTCGCAAGCGGGCCAGTCCCCTGAGCCGATATTTCATACCACAAGAATGTGGCGCTCCGCGGTTGGTGAGCATGCTCGGTCCGTCCGAGAAGCCTTAAAACTGCGACGACACATTCACCTTGAACCAAGGGTTCAAGGGTTACAGCCTGCGGCGGCATCTCGGAGATTCC
位点 999770-999843	GCGGGCGTAGTTCAATGGTAGAACGAGAGCTTCCCAAGCTCTATACGAGGGTTCGATTCCCTTCGCCCGCTCCA
位点 999770-999843	GCGGGCGTAGTTCAATGGTAGAACGAGAGCTTCCCAAGCTCTATACGAGGGTTCGATTCCCTTCGCCCGCTCCA
位点 1001700-1001819	GTTACAGCACAACGTTGGGTATTGACTGAGCAAGATGAACGACAAGGACAACGACATCAGCCTTATGAGGAGCAAGAAAATGAAAGCAAATTCGAAAACGATCAGAAGGATGAAAGTTAA
位点 1001819-1002766	ATGTTCGGTCTAAGGAAGGTAAATCGAAACACTCATACGTTTGAAACCACTTTTCAAAATTGGAAAGAAAATGGCGAAGATGTTGCATTATTAATGCCCGAATTTAGTGCTAAATGGTTACCGATAGCAGAAGAGAGTGGCAGCTGGTCTGGATGGGTATTGCTTGGAGAAATATTTCCCTTAATTTCATCTGAGCTCGCTGGGATGGCTTTAATGCCAGAAACGGAAAGGTTAATAGGGGAATGGCTCAGTTTATCCAGTTCCCCGTTAAATCTAAAGCATCCTGAACTAAAATATAATCGTTTGCACGTAGGTAAAGTATTTGATGGAGTATTGAGCCCTGCTCAACCACTAATAAGAATATGAACAGGGGAATTGAATCTTTGGTTAGATAAAGTCACAGTCTGCCAATACGGAAACGCTCCAGTGTTAGACAAAAAATCATTATATTGGTCCATTCATTTTGTAATTGGATTTAGTAAAACATGTTACAGAAGTCTTGTTGATATTGAAGTTGGTGATGTTTTATTAATCTCAAATAATTTGGCTTATGCGGTTATTTATAATACAAAAATTTGTGATTTAATTTATCCAGAGGAGTTAAAAATGGCTGATCATTTTGAGTACGAGGAAGATTTTGAAACAGATGATTTTGATATCAAAAAAAACGAGAGTGAGATTTATGATGAAAATGACGAACAGATGATTCATAGTTTTGAAGAGTTGCCTGTAAAAATTGAGTTTGTTCTTGGTAAGAAAATAATTAATCTTTATGAAATAGACGATCTCTGTGCAAAAAGAATAATATCTCTGCTTCCTGAATCTGAGAAAAATATAGAGATACGTGTAAATGGTGCGCTAACTGGCTATGGCGAACTTGTTGAAGTGGATGATAAATTGGGCGTAGAAATTCATTCTTGGTTATCAGGGAATAATAATGTCAAATAG
位点 1007598-1007838	ATGGCAGATTGGAATGGTTATATTATGGATATCAGCAATCAATTTGATCAGGGCGTTGATGATCTGAACCAGCAAGTTGAAAAAGCGTTGGAGGATTTAGCCAACCAATCCCTCCGACACGAAATTTCTTGCCGAATATCAAAGTGCATTAGCTGAGTATACATTATATCGAAATGCGCAATCTAACGTTGTAAAAGCGTATAAAGATCTTGATTCAGCAATCATACAAAACTTCCGCTAA
位点 1008936-1009516	ATGAATCTTGCCCTAAGAAAGATTATATATGATCCAATTAGTTATATTCATCCTCAACGAGTAAGCTTGAATAATACACCTATTAACAATCCGGTGCTTAGATCTATTACCAATGAAATGATTGTTCTGCAGTACAATCTTTTAGTTGAACATTTTAATCTGAATAGTTCACTTATTTACTACATAAACAATTGGAATTTATTTCCATTGTTCTGTTTATTCAGTGGTTATCACTTTTATCGAGAAAGGTTTGCAGAACGCGGATTTTTTTATAAGGTTCCTGCTGTGCTAAGGGATTATTTATCAGCTATACCGGTGAAAATAAATGAAAAAGCACGATACAAACCCGGCATCGCTAGCTATCACAATATCATCACATGTGGTTTTTCAACGTTGTCACCCTATATAAGGCAACAACCATTGGCAATGCAGCAACGATTTAATTTATTATTTCCTGATTTTGTTGATCACATACAATTGCCGTTACCACTTGCATCAACTCTTTTAGAGAGAATTACATTTTATGCGAAAAAAATAGAGATGAGCTTGATAAAATCTCCTGCAAATGGTGTCGTGATTAA
位点 1009509-1009730	GTGATTAAAAGAAAAATTTCTGATGGATTGAAATAAATAGTTTCTCTTAAAGAAAGTATCCTTCTTGAAACCAGCGCAAAAATTCAGAGCATTGAGGTAAAGAGAGAAGAAAAATTTATTCAAGGTTATTATGATGGCTATACAAAAGGCATTATTGATGTGATGGATAATTTTATACCCTTGATAAGCTTGTTGAGCTCAGAACTAGAAAAAAAAGAATAA
位点 1010386-1011018	ATGGGAAAAATTAAAATTGTAGTTTCAGATCAGCAGCCGTTTATGATTGATGGGATAATTGGATTTCTCGGACATTATCCTGATTTATATGAGGTTGTTGGGGGCTATAAAGATCTGAAGAAAGCTATAGCGGAGTGTAACAAATCTTCAGCCTAAATATTTATTTTAGGAGAATTTGCAGGTGGAATGATGGGGTCCGAACTCGTAAAATGGGTTAAATCGCATAAGATAGATGCTCATATTATTACATTTGTAGCAAAGATGCCGTATATTGATTCAATAAAATTGCTTGAAGCAGGTGCGAAAGGATGCGTATGGAAAACCAGTCACCCGGCGAAACTAAATCGTGCTATTGATTCGATTAGTAATGGTTACACTTATTTTGATAGTGTACATATGGATTGTGAAAAAATATCTTCCAGGTATTCCTCTGATAATCAACTTACAAATCGTGAGTCAGAAATATTACAACTCATAGCTGATGGTAAAACAAACAAAGAAATCGCTAATTTCTTGCAGTTAAGCAGGAAAACAGTCGAAACTCATAGACTCAATATCATGAAGAAATTAGATGTTCACAGTGGTATCGAGTTGATCAAAACAGCTTTACGTATGGGTGTGTGCACTATATAA
位点 1014436-1014926	ATGAAGCCACGAAATATTAATAATAGCCTATCACTGCAACCATTAGTTCCTGATCAGGAGAACAAAAATAAGAAAAATGAAGAGAAATCCGTTAATCCAGTTAAAATCACAATGGGGTCTGGTTTAAATTATATTGAACAAGAATCTCTTGGAGGAAAATATCTAATACATGATTTGTCAATAAAGATAGCGGATATTTCTGAAGAGATAATTCAGCAAGCAATATTATCTGCTATGAGCATATATAAATTTTCGATAACAGATGATTTAATGAGTATGGCTGTAAATGAACTCATAAAACTGACCAAAATAGAGAATAATGTAGACCTGAATAAATTCACTACTATATGCACAGACGTTCTATCCCCCCTCGTCACCAGACATAATAAAGAAAAAAAACAAACGACATTCTACCCTTCGCAAAAATCCCCTTTTTAATTTTCATTGAAAAAATGGCAATTGATACTATGAATCCAGGTCATACACATTAA
位点 1015120-1015544	ATGGACATTGAGTATTCGCAGATTCATGAAATGGTCTATATGCATGATATTGTAAATTCGGACTCGAAAAAGAAACCAAGGATTCCGTTAAAAAATTCCTTAATGCTGAGAAGGTTCTCACGCAAACAACATCATGGACATTAAATTCAAGATATGTGAATGTTAATTCTGTCAATAAAGTCAACGTAAAGAGTAAAGTTAAAAACAGTTATATCTCACGATCTGTCAATGATGAGTTTAGTTTAACAGATGATGAAATTAATTCTTTTAAAGAAACGTTAATCCTTTCCTCTATTGATTCACTGAGTAAACTGGTTCTTAATAATCCTCTTTCTGTATTGTTTACATCGACTGTACGAAGGAATAATAATCGAGCTAAGATGAATGTCGAGTTCGACTCATGGATTTGCACCAGATGTTGTTGA
位点 1063284-1063360	CGCGGGGTGGAGCAGCCTGGTAGCTCGTCGGGCTCATAACCCGAAGGTCGTCGGTTCAAATCCGGCCCCCGCAACCA
位点 1063284-1063360	CGCGGGGTGGAGCAGCCTGGTAGCTCGTCGGGCTCATAACCCGAAGGTCGTCGGTTCAAATCCGGCCCCCGCAACCA
位点 1063393-1063469	CGCGGGGTGGAGCAGCCTGGTAGCTCGTCGGGCTCATAACCCGAAGGTCGTCGGTTCAAATCCGGCCCCCGCAACCA
位点 1063393-1063469	CGCGGGGTGGAGCAGCCTGGTAGCTCGTCGGGCTCATAACCCGAAGGTCGTCGGTTCAAATCCGGCCCCCGCAACCA
位点 1063503-1063579	CGCGGGGTGGAGCAGCCTGGTAGCTCGTCGGGCTCATAACCCGAAGGTCGTCGGTTCAAATCCGGCCCCCGCAACCA
位点 1063503-1063579	CGCGGGGTGGAGCAGCCTGGTAGCTCGTCGGGCTCATAACCCGAAGGTCGTCGGTTCAAATCCGGCCCCCGCAACCA
位点 1104221-1105093	ATGCGCTATTTCATACTAATGTTCACTTTCGTATGTTCCTTTGTTGCAGCCCAACCAACTATTGTCCCACAATTACAGTAACAAGTTACGGATCTTACGAGTAGCTTAAACTCACAAGAAAAGAAAGAACTGACGCACAAGTTAGAATCTATTTTCAATAATACCCAAGTGCAAATTGCTGTATTAATTGTTCCCACAACCAAAGACGAGACAATTGAACAATATGCTACAAGAGTTTTTGACAATTGGCGTTTAGGAGATGCCAAACGTAATGATGGGATACTGATCATTGTTGCCTGGTCAGATCGTACTGTCCGCATCCAGGTAGGTTATGGGCTGGAAGAAAAGGTAACCGATGCTCTGGCTAGAGATATCATCCGTAGCAACATGATACCCGCATTTAAACAACAAAAATTTGCTCAGGGATTAGAGCTAGCTATAAACGCTTTGAATAACCAACTCACTTCACAACACCAATATCCGACTAATCCTTCAGAAAGTGAATCAGCGTCTTCCAGTGATCATTATTACTTTGCTATTTTTTGGGTATTTGCAGTGATGTTCTTCCCTTTCTGGTTTTTTCATCAAGGCAGTAATTTTTGTCGCGCATGTAAAAGTGGAGTCTATATTTCAGCAATCTATCTTTTAGATTTATTCCTGTTCTCCGATAAAATTTTTTCCATTGCTGTATTTTCCTTCTTTTTTACTTTCACCATATTTATGGTCTTTACCTGTTTATGTGTACTTCAGAAAAGAGCATCAGGTAAAAGTTATCATTCAGACAACAGCGGTTCCGGTGGAGGCTCAAGTGGCGGCGGATTTAGCGGCGGTGGCGGTTCTTCTGGAGGTGGCGGCGCATCCGGCCGCTGGTAA
位点 1199121-1199213	GGTGAGGTGGCCGAGAGGCTGAAGGCGCTCCCCTGCTAAGGGAGTATGCGGTCAAAAGCTGCATCCGGGGTTCGAATCCCCGCCTCACCGCCA
位点 1199121-1199213	GGTGAGGTGGCCGAGAGGCTGAAGGCGCTCCCCTGCTAAGGGAGTATGCGGTCAAAAGCTGCATCCGGGGTTCGAATCCCCGCCTCACCGCCA
位点 1199217-1199293	GCATCCGTAGCTCAGCTGGATAGAGTACTCGGCTACGAACCGAGCGGTCGGAGGTTCGAATCCTCCCGGATGCACCA
位点 1199217-1199293	GCATCCGTAGCTCAGCTGGATAGAGTACTCGGCTACGAACCGAGCGGTCGGAGGTTCGAATCCTCCCGGATGCACCA
位点 1199491-1199567	GCATCCGTAGCTCAGCTGGATAGAGTACTCGGCTACGAACCGAGCGGTCGGAGGTTCGAATCCTCCCGGATGCACCA
位点 1199491-1199567	GCATCCGTAGCTCAGCTGGATAGAGTACTCGGCTACGAACCGAGCGGTCGGAGGTTCGAATCCTCCCGGATGCACCA
位点 1199631-1199707	GCATCCGTAGCTCAGCTGGATAGAGTACTCGGCTACGAACCGAGCGGTCGGAGGTTCGAATCCTCCCGGATGCACCA
位点 1199631-1199707	GCATCCGTAGCTCAGCTGGATAGAGTACTCGGCTACGAACCGAGCGGTCGGAGGTTCGAATCCTCCCGGATGCACCA
位点 1199906-1199982	GCATCCGTAGCTCAGCTGGATAGAGTACTCGGCTACGAACCGAGCGGTCGGAGGTTCGAATCCTCCCGGATGCACCA
位点 1199906-1199982	GCATCCGTAGCTCAGCTGGATAGAGTACTCGGCTACGAACCGAGCGGTCGGAGGTTCGAATCCTCCCGGATGCACCA
位点 1231781-1232293	ATGATTTTTAGGGATAGCTTGAGAGTATTACCTTATGGTCGAGTAGATAATGATTTCTTCCAGATAGAAGAAAGACGTTCATGGAATGCAGGGCGATATTATTGGTCTAATAGAAGGATTTTTGGTTATATTGGAATTACTCAATCCAGTAATAAAGAGCTGAAAGATAAGTCGGGGAGAGAGGGATTCATAAGAAACCAGGCTGCAAGAGAACTGAAAACTATTATATCTAATTTGTTAACTGAACTTGCTGATAGATTTTTTGGTTCACGTTCTGATGACCGTAAAGAGCTTTTAGAACAAGTTAAGCGTGAAAAAGAGTTAAGAAAATCTGCTCAACAACAAGCTCGAAAATCAACACAAAAAAGTTTTTCAGAAGCTTTGAAGAATCAGACACCAGTTCTTGATGCTTCCTTGGAGGCTGTTAAAAGGCTGAAAACTAAGCTTGATAAAACTGATGGTTCGTTAGATTTAAACTATCTTAAAATTATAGACAGTGATCTTACAAACTTA
位点 1244308-1244618	GTGGTGAATGCGGCTCAGCGCACGCGGGTTAAGGTTGAGGCTGACAGTCGACCTTCTGTGGATACCCACCCGCCTGGTGTGCAACCTTCGCTAGGCACCGGGAGGCACCCGGCACCACAACTTTATGCTGTGTGTAGTCCTGGCGGTACCAGCTTGTACCCTTGCTTCCGGCTGGTACCGTCCTTTTTACAAAACAGAGAAGAGCATCACCGGACGACGGGCTCATAACCCAATCCATCCGGGCGGCAGTCACCGCAGGTGTTCTTCTCTGTTTTGTGGAGAAACTAACCGACCTTGCAGGGTCGATATGA
位点 1276122-1276268	ATGCTTATTGGCTATGTACGTGTGTCAACAAATGACCAGAACACAGATCTACAACGTAATGCGCTGAACTGTGCAGGATGCGAGCTGATTTTTGAAAACAAGATAAGCGGTACAAAGTCCGAGACCTAGGGCTGACATTGCTGTTCT
位点 1278621-1278838	ATGCGTATTGAGATCTCCATAACCAAAGACAAAATGACCAAATGCCAAATGGCGCTGTGGACGCGTTAAAGGAAGAGTTAACCCAACACATTGGCAAGCGTTATGACGATGTGGAGATGATCGTAAAAGCCACCAGCAACGATAGTTTTTCAGTTAGACATACTGCAGATAAAGATTGAGCTAAAACTTTCGTTCAGGAAACTCTGAATGATACCTGA
位点 1280218-1280580	GGGGCTGATTCTGGATTCGACGGGATTTGCGAAACCCAAGGTGCATGCCGAGGGGCGGTTGGCCTCGTAAAAAGCCGCAAAAAATAGTCGCAAACGACGAAAACTACGCTTTAGCAGCTTAATAACCTGCTTAGAGCCCTCTCTCCCTAGCCTCCGCTCTTAGGACGGGGATCAAGAGAGGTCAAACCCAAAAGAGATCGCGTGGAAGCCCTGCCTGGGGTTGAAGCGTTAAAACTTAATCAGGCTAGTTTGTTAGTGGCGTGTCCGTCCGCAGTTGGCAAGCGAATGTAAAGACTGACTAAGCATGTAGTACCGAGGATGTAGGAATTTCGGACGCGGGTTCAACTCCCGCCAGCTCCACCA
位点 1280218-1280580	GGGGCTGATTCTGGATTCGACGGGATTTGCGAAACCCAAGGTGCATGCCGAGGGGCGGTTGGCCTCGTAAAAAGCCGCAAAAAATAGTCGCAAACGACGAAAACTACGCTTTAGCAGCTTAATAACCTGCTTAGAGCCCTCTCTCCCTAGCCTCCGCTCTTAGGACGGGGATCAAGAGAGGTCAAACCCAAAAGAGATCGCGTGGAAGCCCTGCCTGGGGTTGAAGCGTTAAAACTTAATCAGGCTAGTTTGTTAGTGGCGTGTCCGTCCGCAGTTGGCAAGCGAATGTAAAGACTGACTAAGCATGTAGTACCGAGGATGTAGGAATTTCGGACGCGGGTTCAACTCCCGCCAGCTCCACCA
位点 1307323-1307398	GTCCCCTTCGTCTAGAGGCCCAGGACACCGCCCTTTCACGGCGGTAACAGGGGTTCGAATCCCCTAGGGGACGCCA
位点 1307323-1307398	GTCCCCTTCGTCTAGAGGCCCAGGACACCGCCCTTTCACGGCGGTAACAGGGGTTCGAATCCCCTAGGGGACGCCA
位点 1310581-1310696	CCTGGCGGCCGTAGCGCGGTGGTCCCACCTGACCCCATGCCGAACTCAGAAGTGAAACGCCGTAGCGCCGATGGTAGTGTGGGGTCTCCCCATGCGAGAGTAGGGAACTGCCAGGC
位点 1310581-1310696	CCTGGCGGCCGTAGCGCGGTGGTCCCACCTGACCCCATGCCGAACTCAGAAGTGAAACGCCGTAGCGCCGATGGTAGTGTGGGGTCTCCCCATGCGAGAGTAGGGAACTGCCAGGC
位点 1347280-1347993	ATGCGACACATTTTTCAACGATTATTGCCCCGACGGCTGTGGCTGGCAGGGCTGCCATGTCTGGCATTGCTGGGTTGCGTGCAGAGTCACAATAAGCCAGCCATTGATACGCCAGCAGAAGAAAAAATTCCGGTTTATCAACTGGCTGACTATCTTTCTACTGAATGTAGCGACATCTGGGCGCTGTAAGGTAAATCAACCGAAACCAATCCGCTTTACTGGCTGCGGGCGATGGATTGTGCTGATCGTTTAATGCCTGCGCAGTCACGTCAGCAAGCTCGCCAATATGACGACGGCAGCTGGCAAAATACCTTTAAACAAGGGATTTTGCTCGCCGACGCCAAAATTACGCCGTATGAGCGCCGCCAGCTGGTCGCGCGCATTGATGCGCTAAGTACCGAGATCCCGGCACAGGTTCGCCCTCTGTATCAACTCTGGCGCGACGGTCAGGCGCTGCAACTGCAACTGGCGGAAGAGCGCCAACGCTACGGCAAGCTCCAGCAGGCCAGCGACAGCGAGCTGGATACATTGCGCCAGCAACATCACGTTCTACAGCAGCAACTGGAACTCACCACCCGCAAGCTGGAAAACCTGACTGATATTGAACGCCAGCTCTCGACCCGCAAACCGGCTGGAAATTTCTCGCCGGATACGCCGCACGAGGGTGAAAAGCCCGCGCCATCCACCCATGAGGTCACTCCTGATGAGCCATAA
位点 1466376-1467199	ATGGCGCACGACGAACAATGGCTCACCCCACGTCTGCAAACGGCGGCAACGCTGTGTAACCAGACGCCTGCCGCGACGGAATCTCCGCTGTGGCTGGGGGTGGATCTGGGCACCTGCGATGTGGTGTCGATGGTTGTTGACCGCGACGGTCAGCCGGTGGCGGTATGCCTCGACTGGGCCGATGTGGTCCGCGACGGCATCGTCTGGGATTTCTTCGGCGCTGTCACCATTGTTCGTCGCCATCTCGACACGCTCGAGCAGCAATTCGGTCGCCGTTTTAGCCATGCGGCGACTTCATTTCCTCCAGGTACGGACCCGCGTATTTCCATCAACGTGCTGGAATCTGCCGGGCTGGAAGTGAGCCATGTGCTGGATGAGCCAACCGCAGTCGCGGATCTGCTGCAACTGGACAACGCCGGTGTAGTGGATATCGGCGGCGGCACTACCGGCATTGCCATCGTGAAAAAGGGCAAGGTGACGTACTCGGCGGATGAAGCCACCGGCGGACATCACATCTCTCTGACTCTCGCCGGAAATCGTCGTATTTCGCTGGAAGAGGCAGAGCAGTACAAGCGCGGTCATGGTGACGAGATTTGGCCCGCGGTGAAACCGGTGTACGAAAAAATGGCGGACATTGTCGCCCGGCATATTGAAGGGCAGGGCATTACTGATTTATGGCTGGCGGGCGGCTCTTGTATGCAACCGGGCGTGGCGGAACTGTTTCGCAAACAATTCCCGGCGTTACAGGTGCATTTACCGCAGCGACCCCGCTGGCGATCGCCAGTAGTGGGCGAGAGAAAGCGGAGGGGCTATATGCAAAATGA
位点 1503069-1503194	TGCTATCTGCGATACTCAAAGATTCGAACCTGCAGCAGGTTTGAGTTGAGCGCAGCGAAACAACGGAGCCGCTCGCGGCGACGGCCCGAAGGGCGAGCGAAGCGAGTCATCCTGCACGACCCACCA
位点 1503069-1503194	TGCTATCTGCGATACTCAAAGATTCGAACCTGCAGCAGGTTTGAGTTGAGCGCAGCGAAACAACGGAGCCGCTCGCGGCGACGGCCCGAAGGGCGAGCGAAGCGAGTCATCCTGCACGACCCACCA
位点 1503225-1503300	GGGTCGTTAGCTCAGTTGGTAGAGCAGTTGACTTTTAATCAATTGGTCGCAGGTTCGAATCCTGCACGACCCACCA
位点 1503225-1503300	GGGTCGTTAGCTCAGTTGGTAGAGCAGTTGACTTTTAATCAATTGGTCGCAGGTTCGAATCCTGCACGACCCACCA
位点 1503305-1503380	GGGTGATTAGCTCAGCTGGGAGAGCACCTCCCTTACAAGGAGGGGGTCGGCGGTTCGATCCCGTCATCACCCACCA
位点 1503305-1503380	GGGTGATTAGCTCAGCTGGGAGAGCACCTCCCTTACAAGGAGGGGGTCGGCGGTTCGATCCCGTCATCACCCACCA
位点 1503427-1503502	GGGTGATTAGCTCAGCTGGGAGAGCACCTCCCTTACAAGGAGGGGGTCGGCGGTTCGATCCCGTCATCACCCACCA
位点 1503427-1503502	GGGTGATTAGCTCAGCTGGGAGAGCACCTCCCTTACAAGGAGGGGGTCGGCGGTTCGATCCCGTCATCACCCACCA
位点 1503547-1503622	GGGTGATTAGCTCAGCTGGGAGAGCACCTCCCTTACAAGGAGGGGGTCGGCGGTTCGATCCCGTCATCACCCACCA
位点 1503547-1503622	GGGTGATTAGCTCAGCTGGGAGAGCACCTCCCTTACAAGGAGGGGGTCGGCGGTTCGATCCCGTCATCACCCACCA
位点 1506322-1506397	GGGGCTATAGCTCAGCTGGGAGAGCGCTTGCATGGCATGCAAGAGGTCAGCGGTTCGATCCCGCTTAGCTCCACCA
位点 1506322-1506397	GGGGCTATAGCTCAGCTGGGAGAGCGCTTGCATGGCATGCAAGAGGTCAGCGGTTCGATCCCGCTTAGCTCCACCA
位点 1506437-1506512	GGGGCTATAGCTCAGCTGGGAGAGCGCTTGCATGGCATGCAAGAGGTCAGCGGTTCGATCCCGCTTAGCTCCACCA
位点 1506437-1506512	GGGGCTATAGCTCAGCTGGGAGAGCGCTTGCATGGCATGCAAGAGGTCAGCGGTTCGATCCCGCTTAGCTCCACCA
位点 1536672-1536806	ATGAACGCAATAATTATTGATGACCATCCTCTTGCTATCGCAGCAATTCGTAATTTATTGATCAAAAACGATATTGAAATCTTAGCGGAGTTGACTGAAGGGGGAAGCGCCGTTCAGCGGGTGGAAACACTTAAG
位点 1544860-1545854	ATGCCTGCTCGACAAGTATGTCAGAATTTTTTCCACGATGCGTTAGCACCGTTTCACAAATACCGACAAAATGCTTTGCTGGATGCCACCATCGCTCTCATCAATGGCGCATCACTGACGCTGACCAGCATCGGGCGTTATTTACCCGGCCCGGCTCAGGTCAAAAATAAAATCAAACGCGTTGACCGACTGCTCGGTAATGAATCTCTTCACCGCGATATCCCACTGATTTTCAGAAATATTATTGCCATGCTGACTAGCCAGCTATCAATAGTTACCGATGCGGGTTTCCAGAGTGCATGGTGCTGGCATATAAGGTCACTCGGATGGGATTTTATCTGTCGTGTCAGGGGAAATATCCAGATGCAGCTGGACAGCAAAGGTGAGTGCTGGTTCAGGCGTCAGGAATTACAGGCCAGAAGCAAACCAGAATATCTGGGGACGGGTACTCTTGCCCGTTCGGAATATGCCCGGTGTGATGGCCATTTTTATTTGCATAAAAAAGAGCCGAAAGGCCGGAAGAATCGCCGCTCACGTTACCGCATAGAGCGTAAATCCCAAATAAAGGATGGACGTTCTTCGGCAAAAGAACCGTGGCTTATCTTTAGCAGTACGAATGACTTTAAACCCCGGGAAATCATGAAATTGTACAGCCGTCGCATGCAAATCGAGCAGAACTTCCGGGATGAAAAAAGCGAGCGCTTCGGGTTCGCTCTGCGTGCCAGTTACAGTCGTTCCGTGGGAAGAATGCTGGTACTGAGCCTACTGGCGACGCTCAGTACAATTGTTCTGTGGCTTATTGCTATCATGCTGAAAAAAAAGGATTACATCTGAGATATCAGGCCAACAGCATTAAAACACGGCGGGTAATCTCGTATCTGACGTTAGCGGAGAATGTCTTACGACACTCCACGCTAATTTTAAGACGAACAGTGCTGAGCACAGTTCATAATCATCTCGCCAAAACCTACCAGAATATGGTGTTGGTTTATTAG
位点 1546891-1547339	ATGACACCGGACATTATCCTGCAGCGTACCGGGATCGACGTGAGAGCTATCGAGCAGGAGGATGATGCGTGGCACAAATTACGGCTCGGCGTTATCACCGCTTCAGAAATTCACTATGTGATAGCAAAACCCCGCTCCGGAAAAAGTGGCCTGACATGAAAATGTCCTACTTCCACACCCTGCTTGCCAAGGTTTGCACCGGTGTGGCTCCGGAAGTTAACGCTAAAGTACTGGCCTGGGGAAAACAGTACGATAACGACGCCAAAGCCCTGTTTGAGTTTACTTCCGGCGTGAATGTTACTGAATCCCCGATCATCTATCGCGACGAAAGTATGCGTACCGCCTGCTCTCTGGATGGTTTATGCAGTGACGGCAACGGCCTTTAACTGAAATGCCCATTTACCTCCCGGGATTTCATGAAATTCCGGCTCGGTGGTTTCGAGGCAATA
位点 1547365-1547460	ATGGAAGCCTGGAAAAAGTATCGGGTGTTGCTAAACCGTGTTGATACATCAACTGCACCTGATATTGAGTGGCCAACAGTACCCATTATCGAATAG
位点 1554416-1554490	GTCCTCTTAGTTAAATGGATATAACGAGCCCCTCCTAAGGGCTAATTGCAGGTTCGATTCCTGCAGGGGACACCA
位点 1554416-1554490	GTCCTCTTAGTTAAATGGATATAACGAGCCCCTCCTAAGGGCTAATTGCAGGTTCGATTCCTGCAGGGGACACCA
位点 1566286-1566774	GCCGGTAACAACGGTACTGCACGTTTTTACGGCACCATTGAAGACTCAGTGTGTTCTATCGTTCCGGACGATCACAAACTGGAAGTTGATATGGGTGATATCGGTGCCGAAAAACTGAAAAATAACGGCACCACCACGCCGAAAAGTTTCCAGATTCGTCTGCAAGATTGCGTATTTGATACTCAGGAAACAATGACCACTACCTTTACTGGTACCGTTTCTTCTGCAAATAGCGGCAATTATTACACCATTTTCAATACCGATACCGGTGCGGCATTTAACAATGTTAGCCTGGCGATCGGTGACTCTCTGGGTACCTCTTACAAAAGCGGCATGGGTATTGACCAGAAAATAGTGAAAGACACTTCTACCAATAAAGGCAAAGCGAAGCAGACACTGAACTTTAAAGCCTGGCTGGTCGGCGCAGCTGATGCGCCAGATCTGGGTAATTTCGAAGCAAATACCACCTTCCAGATTACTTACCTGTAA
位点 1657054-1657515	CCTCCCTACGGTGAGCGTGGTGTTGGGGCCAGTGTGGCACGGGCTGCGCGCTGGGGACGCATTGAGAATTACATGGCGCAAGTCAACGATTCGCTTTGTCTGTTAGTGCAGGTGGAAAGTAAAACGGCACTGGATAACCTGGACGAGATCCTCGACGTCGAAGGGATTGATGGCGTGTTTATTGGACCAGCGGATCTTTCTGCGTCGTTGGGCTACCCGGATAACGCCGGGCACCCGGAAGTGCAGCGAATTATTGAAACCAGCATTCGGCGGATCCGTGCTGCGGGTAAAGCGGCTGGTTTTCTGGCTGTGGCTCCTGATATGGCGCAGCAATGCCTGGCGTGGGGAGCGAACTTTGTCGCTGTTGGCGTTGACACGATGCTCTACAGCGATGCCCTGGATCAACGACTGGCGATGTTTAAATCAGGCAAAAATGGGCCACGCATAAAAGGTAGTTATTGA
位点 1665470-1665712	CAGATAAAATGTGAATTTAATCAGGCGGATACAGCGATGAATTTTATTCGACAGGGATTAGGCATCGCCTTACAACCAGAGTTAACGCTGAAAAGCATTGCAGGTGAATTGTGTTCCGTTCCTCTCGAACCAACTTTCTATCGACAGATTTCGTTGCTGGCTAAAGAAAAGCCGGTAGAAGGCAGTCCACTGTTTTTACTACAAACGTGTACGGAACAACTCGTGGTGAATGGAAAAATTTGA
位点 1728613-1728689	CGGCACGTAGCGCAGCCTGGTAGCGCACCGTCATGGGGTGTCGGGGGTCGGAGGTTCAAATCCTCTCGTGCCGACCA
位点 1728613-1728689	CGGCACGTAGCGCAGCCTGGTAGCGCACCGTCATGGGGTGTCGGGGGTCGGAGGTTCAAATCCTCTCGTGCCGACCA
位点 1847653-1847949	GTGCGTATTATTAAACTCATGCCAAAAGCCAATGAGGATTTAGAAGGCATCTGGTATTACAGCTATCACCATTTCGGCGAACCACAAGCCGACAGATATGTGGAACATCTTTCAGACGTTCTCCAGATTCTGAGTAACAATAATATAGGTACGCCCAGACCTGAATTAGGCGAAGGTATTTTTGTTCTTCCTTTTGAACGCCACGTCATTTATTTCCTATAATCACCAGGGGAAATTATCGTCATTCGTATCCTTAACCAAAACCAGGACGCCACCAGACATTTACACTGGAGCTAA
位点 1848456-1848787	ATGGCTGGTTGGTTTGAACTCAGTAAGAGCAGTGATAATCAGTTCCGGTTTGTGCTAAAAGCGGGCAATGGTGAGACTATCCTCACCAGCGAGCTGTATACCTCAAAAGCCTCTGCGGAAAAGGGCATCGCGTCGGTGCGTAGCAACAGCCCGCAAGAAGAACGCTATGAGAAAAAACGGCAAGTAACGGCAAATTCTATTTCAATCTGAAAGCCGCTAATCATCAAATTATCGGCTCCAGCCAGATGTACGCCACCGCGCAATCTCGTGAAACCGGAATTGCCTCCGTTAAAGCCAATGGCACAAGCCAGACGGTGAAAGACAATACGTAA
位点 1879543-1880439	AACAGCGTATTTTGCACAGGAGTCGCTGAAAAATACGCGTTAATCGAACAATGGCGACAACAATTTCCCATTGAAGCGATGTGTCAGGTATTTGGTGTATCCAGGAGCGGTTATTACAACTGGGTACAGCATGAACCCTCAGACAGAAAACAAAGTGATGAGCGGCTAAAACTGGAGATTAAGGTGGCACATATCCGCACTCGCGAAACATATGGAACCCGGCGGCTCCAGACGGAGCTGGCAGAGAATGGCATCATCGTTGGTCGTGACCGACTGGCACGTCTTCGTAAGGAGCTAAGGCTACGCTGTAAGCAGAAACGCAAGTTCAGAGCGACTACGAACTCGAACCACAATCTGCCAGTTGCGCCAAATCTGCTGAACCAGACGTTCGCTCCTACAGCACCAAATCAGGTCTGGGTGGCGGACCTGACGTATGTTGCCACACAGGAGGGATGGTTGTACCTCGCTGGCATCAAAGATGTTTATACGTGCGAAATTGTCGGCTACGCCATGGGAGAGCGCATGACAAAAGAGCTGACAGGTAAAGCCCTGTTTATGGCGCTCAGGAGCCAGCGCCCACCTGCCGGGCTAATCCACCACTCTGATCGAGGTTCACAGTACTGCGCATACGATTACCGGGTCATACAGGAGCAGTTTGGTCTGAAAACATCAATGTCGCGTAAAGGTAACTGTTACGACAACGCTCCGATGGAAAGCTTCTGGGGAACGCTGAAAAATGAGAGCCTGAGCCACTATCGTTTTAATAACCGGGATGAAGCCATCTCAGTAATACGGGAATACATTGAGATTTTCTACAATCGTCAGCGTCGTCACTCTCGTCTGGGGAATATCTCCCCGGCAGCCTTCAGGGAAAAATATCATCAGATGACTGCTTAA
位点 1881668-1881940	ATGATCAAAACTCGTCGGACTAAACGTACCTTTTCCGCGGAGTTCAAGCTTGAAGCTTTCGAGCAGGTGGTGGTTAAATACCAGCGTGATGTCAGAGAAGGCGCGCTGGCACTTGAACTCAACCCTGACCATTTGCGTAAATGGATACGGTTGTATAAGCAGGAACTTCAGGGTATTGAGCCCGCTGGTAATGCTATTAGCCCTGAACAACGCGAAATTCAGCAGCTTAAAGCGCAGATAAAGTGCCTTGAGATGGAAAAAGAAATACTAAAG
位点 1908079-1908326	GTGATATTCTCACCTCAACACAAAACAGGTGACTTAATGAACAAGAAAACCAAACGTACTTTCACCCCCGAGTTCAGACTGGAATGTGCGCAACTGATTGTTGATAAGGGCTACTCATATCGACAAGCCAGTGAATCGATGAATGTCGGCTCTACCACTCTTGAGAGCTGGGTACGTCAGCTCAGACGAGAGCGCCAGGGGATTGCCCCTCTGCCACACCGATTACTCCAGACCAGCAACGTATCCGC
位点 1910528-1910905	ATCATCCTTAGACTCAGGGGCAAAGATTCTGTCTCAGTAAATCAGGCTCTTACCGACAAATTCCTGAGTTTACCGTCAGAACTCAGAAAATCACTGACATGGGACAGAGGAATGGAACTGGCCAGACATCTAGAATTTACTGTCAGCACCGGCGTTAAAGTTTACTTCTGCGATCCTCAGAGTCCTTGGCAGCGGGGAACAAATGAGAACACAAATGGGCTAATTCGGCAGTACTTTCCTAAAAAGACATGTCTTGCCCAATATACTCAACATGAACTAGATCTGGTTGCTGCTCAGCTAAACAACAGACCGAGAAAGACACTGAAGTTCAAAACACCGAAAGAGATAATTGAAAGGGGTGTTGCATTGACAGATTGA
位点 1910963-1911660	GTGGCTTCTGTTTCTATCAGCTGTCCCTCCTGTTCAGCTACTGACGGGGTGGTGCGTAACGGCAAAAGCACCGCCGGACATCAGCGCTATCTCTGCTCTCACTGCCGTAAAACATGGCAACTGCAGTTCACTTACACCGCTTCTCAACCCGGTACGCACCAGAAAATCATTGATATGGCCATGAATGGCGTTGGATGCCGGGCAACTGCCCGCATTATGGGCGTTGGCCTCAACACGATTTTACGTCACTTAAAAAACTCAGGCCGCAGTCGGTAACCTCGCGCATACAGCCGGGCAGTGACGTCATCGTCTGCGCGGAAATGGACGAACAGTGGGGCTATGTCGGGGCTAAATCGCGCCAGCGCTGGCTGTTTTACGCGTATGACAGTCTCCGGAAGACGGTTGTTGCGCACGTATTCGGTGAACGCACTATGGCGACGCTGGGGCGTCTTATGAGCCTGCTGTCACCCTTTGACGTGGTGATATGGATGACGGATGGCTGGCCGCTGTATGAATCCCGCCTGAAGGGAAAGCTGCACGTAATCAGCAAGCGATATACGCAGCGAATTGAGCGGCATAACCTGAATCTGAGGCAGCACCTGGCACGGCTGGGACGGAAGTCGCTGTCGTTCTCAAAATCGGTGGAGCTGCATGACAAAGTCATCGGGCATTATCTGAACATAAAACACTATCAATAA
位点 1934862-1935380	CATAACAGTATCTATCAATCTGCATTCTCACCGAACTTACTCGAACGCCCACGTCTGGAAAGCCATCTACAAAAACTGCTGACCGATGCCGTGAAAATGCGTGGGCTGATTGCGCCCGCCAGCAAAGAAACCCGTATTCCCAAATCGATATATGAAGGTATCCAGACCATTAACCGCAATCTGGTTTGTATGCTGGAGTTGCAAATCAATGCGTACTGGGCCACGCGCCCCAGCCATTTCGTGTTATTGAACGCGCAAAAACTTCGTGATACCCAGCACATGATGCAGCAAATACTGCTGAGCCTTGTTCATGCGCTGTACGAAGGTAATCCGCAGCCGGTTTTTGCCAATACGGAAAAATTGAACGATGCTGTGGAAGAGCTGCGTCAGTTGCTCGATAACCACCATGACCTGAAGGTTGTGGAAACACCAATCTATGGTTATGTGTGGCTGAACATGGAAACGGCACATCAGCTTGAGTTGCTATCGAATCTGATTTGCCGGGCCTTGCGCAAATAA
位点 1936218-1936364	CTTGTTGCCGGAAAAGCAGGCACCTGCCGTCTGAACGGTATCGATCCGGAAGCGTATCTGCGCCATATTCTGAGCATACTGCCGGAATGGCCCTCCAACCGTGTTGACGAACTCCTGCCATGGAACGTAGTTCTCACCAATAAATAA
位点 1936970-1937343	ATGAAAACATTACCTGTATTACCCGGGCAGGCGGCCAGTTCTCGCCCGTCTCCTGTTGAAATCTGGCAGATACTGCTGTCCCGACTGCTGGACCAGCACTATGGCCTCACACTGAATGACACACCTTTTGCCGATGAACGTGTGATTGAGCAGCATATTGAGGCAGGCATTTCACTGTGTGATGCGGTGAACTTTCTCGTGGAAAAATACGCGCTGGTGCTACCGACCAGCCGGGATTCAGCGCCTGTACCCGCTCTCAGTTAATAAACAGCATCGATATCCTCCGGGCTCGCAGGGCGACCGGCCTGATGACCCGCGACAATTACAGAACGGTAAATAACATTACCCTGGGTAAGTATCCGGAGGCGAAATGA
位点 1949350-1949598	ATGAATCCGTCTGATGCCATTGAGGCAATTGAAAAACCGCTCTCCTCCCTGCCTTACTCACTTTCCCGTCACATCCTGGAACATCTGCGCAAACTCACCAGTCACGAACCCGTGCCTGGCATTATGGGTAAAAGCGGGGCCGGTAAATCCTCACTCTGTAATGCGCTGTTTCAGGGGGAGGTCACCCCGGTCAGTGATGTTCACGCCGGCCCCCGGGAAGTGCAGCGCTTCCGTCTGAATGGCCATGGT
位点 1951964-1952119	ACAGCGCTCCTGGATTGACTGCTGCATCACTCAACCACGCTGAATATCAAAGGAGAGCGTTACCGGTTAAAAGAGAAACGTAAAGCTGTGGTGATGACCCAAAACGCAACGCCTGTCAGTGAGGATGAAATGGTGAAAAGCGGACAGCATCAGTAA
位点 1961708-1962000	GGTAGCTGGATCATCACTACCGTGCTGCAAATGGTGGTGAACAGCATCAATTGTGGAATGAATGTTGCCGAAGCGACCAATGCGCCTCGTTTCCACTATCAGTGGTTGCCGGACGAGCTGCGTGTTGAAAAGGGTTTAGTCCGGATACGCTCAAGCTGCTGGATGCAAAAGGTCAGAAAGTGGCGCTGAATGAGGCGATGGGCAGCACGCAAAGCATTATGGTTGGGTCGGATGGTGAGTTGTACGGCGCATCCGACTCGCGCTTGGTGGATGATTTAACGGCGGGGTATTAA
位点 1963077-1964042	ATGAAAAAGAATAAGTACTCAACTCCCTTATGGATGCTTGCCACGATTCTTGCGGGTATGCTCTCCCCTATGCAATCAGCGGTGAATGGTCAATTAGGTCACTGGTTACAGGATGGTAATGCATGCGCAGTTATCTCCTTTGCCAGTGGTTTAGTCGTGATGTTTTTTATTATTATGGCGCGAAAAGAAACCCGGCAACAATTTGCGGCAATTCCTTCTCTGATTAAAAACCGAAAAGTTCCTCTCTGGAACTGGTTTGCCGGTCTCTGTGGAGCGATGGTGGTATTTTCTGAAGGCGCATCAGCCAGCGCACTCGGGGTCGCAACGTTTCAAACCGCACTGATCTCCGCGCTATTGCTGTCTGGTTTACTTTGCGATCGCTTTGGTATCGGTGTCGACGAGAAAAAATACTTTACCCCTTATCGCATCATCGGTGCATTATTTGCGGTTATTGCTACGATTTTTGTTGTGTCACCTCAGTGGCATTCTACCTCTTTCATCTTACTTGCCATTCTTCCGTTCTTAGCTGGTTTGCTTGCAGGATGGCAGCCCGCTGGAAATGCAAAAGTAGCTGAAGCTACGGGATCCATGCTGGTTTCAATCACCTAGAATTTCATCGTTGGATTTTGTGTTTTAGGCACAGCGCTAGCTATTCGTGTCGCATTAGGGCACGTCACTGTTCAATTACCAGATGTCTGGTGGATGTATCTTGGCGGCCCGCTTGGACTAATGTCTATCGGTTTAATGGCCATTTTGGTCAGAGGTCTGGGGTTACTGATGCTGGGGGTTGCTTCAACGGCGGGCCAGTTACTGGGATCAGTATTGATTGACGTATTAATTCCATCGCTGGGCAATAGCGTTTATCTGGTCACGATCATCGGAACACTGTTTGCACTGGTCGGTGCAATTGTTACCACTATTCCGGAATACAGAACCTCGAAAACAATGAAGAAAATGGAGGTATAA
位点 1966281-1966619	CTTGTGGTCAGGCAGAAGAAGAGCAAACTGTTACTGGACTCACTGCATGCATGGTGGAGAAAAATGCCACGCTATCCAAAAATCCAGACTGGGAGAATGGTTCAGCTGTGTACTGAATCAGTGGGGCGCACTCTGTTATTACAGTGTTGACGGTCAGGCGGAGGCAGACATAATGCCGCGGAAAAAGCCCTTTGTGCCATCTGTCTCGGAAATAAAAACTTTATGTTCTTCGGCGGCGAGCGCAGTGCACTGTCGTATGGGCTTATCGGCACTTGCCTTCTGAACGACATTGATCCGGAAGCGTATCTGCGCCATATCCTGAGCGTACTGCCGGAATAA
位点 1971565-1971640	TCCTCTGTAGTTCAGTCGGTAGAACGGCGGACTGTTAATCCGTATGTCACTGGTTCGAGTCCAGTCAGAGGAGCCA
位点 1971565-1971640	TCCTCTGTAGTTCAGTCGGTAGAACGGCGGACTGTTAATCCGTATGTCACTGGTTCGAGTCCAGTCAGAGGAGCCA
位点 1973974-1974049	TCCTCTGTAGTTCAGTCGGTAGAACGGCGGACTGTTAATCCGTATGTCACTGGTTCGAGTCCAGTCAGAGGAGCCA
位点 1973974-1974049	TCCTCTGTAGTTCAGTCGGTAGAACGGCGGACTGTTAATCCGTATGTCACTGGTTCGAGTCCAGTCAGAGGAGCCA
位点 1975799-1975874	TCCTCTGTAGTTCAGTCGGTAGAACGGCGGACTGTTAATCCGTATGTCACTGGTTCGAGTCCAGTCAGAGGAGCCA
位点 1975799-1975874	TCCTCTGTAGTTCAGTCGGTAGAACGGCGGACTGTTAATCCGTATGTCACTGGTTCGAGTCCAGTCAGAGGAGCCA
位点 2015694-2015769	TCCTCTGTAGTTCAGTCGGTAGAACGGCGGACTGTTAATCCGTATGTCACTGGTTCGAGTCCAGTCAGAGGAGCCA
位点 2015694-2015769	TCCTCTGTAGTTCAGTCGGTAGAACGGCGGACTGTTAATCCGTATGTCACTGGTTCGAGTCCAGTCAGAGGAGCCA
位点 2016761-2016850	GGAGAGATGCCGGAGCGGCTGAACGGACCGGTCTCGAAAACCGGAGTAGGGGCAACTCTACCGGGGGTTCAAATCCCCCTCTCTCCGCCA
位点 2016761-2016850	GGAGAGATGCCGGAGCGGCTGAACGGACCGGTCTCGAAAACCGGAGTAGGGGCAACTCTACCGGGGGTTCAAATCCCCCTCTCTCCGCCA
位点 2026380-2027295	ATGGGCAAGTCCAAGCACAAGATCAGCAACTGGAAACAGTACAACCAAGCCTTGGTGCAACGTGGTTCGTTGACCGTCTGGATGGATGAGCAAGCCATCCAGCAGTGGCATTGCCAGACCCATCATGGCCGCCGAGGGCGAGGCTTCCATTACAGCGACTCCGCCATTGAAACCGCGCTGATGCTCAAGGCGGTATTCAAGCTACCGCTGCGTGCCTTGGAAGGCTTCATCAACTCGCTGTTCCAGCTGATGAATGTGCCCTTACAGTCGCCGGACTACAGCTGTATCAGCAAGCGCGCCAAGACGGTCGAAATCAAGTACCGCCTACCGAGCCATGGCCCAGTAGCTCACCCGGTCATCGATGCCACCGGACTCAAGGTCTATGGCGAGGGCGAATGGAAAATTCGCAAGCACGGCAAGGAGAAACGCCGCGTCTGGCGCAAGCTTCACCTGGTAGTAGATGCGGCGACCCATGCCATCGTCGCAGCCGAAGTCAGCCCGAAACGGTGGGCGATAACGAGGTGCTGCCCACGCTGCTCAACCCCTTGCGCCGCAAGATAGAACAAGTCAGCGCCGATGGTGCCTATGACACCAAAGCCTGTTATGCCCTACTACAAAAGAAGGGCGCCAAGGCCACCATACCGCCGAGAAAAAATGCGGCATTCTGGAAGACAGGCCATCCACGCAACGAGGCGGTTGCCGCGCTCAAGGCAGGAGAGCTGGAGCAATGGAAAAGGACTCTGGCTATCATCAGCGCTCGATAGCTGAGACCGCCATGTATCGCTTCAAGCAGCTCATCGGTCCGAAACTGAGTCTGCGGAGCTACAACGCCCAGGTGGGTGAGATCCTGGCTGGGGTAAAAGTCATGAACAAGGTCATAGGGCTTGGTATGCCCATTCGGCAGGCCGTCAACTAA
位点 2044721-2045716	ATGAGTAACCTGACAGGCACCGATAAAAGCGTCATCCTGCTGATGACCATTGGCGAAGACCGGGCGGCAGAGGTGTTCAAGCACCTCTCCCAGCGCGAAGTGCAAACTCTTAGCGCTGCAATGGCGAACGTCACGCAGATCTCCAACAAGCAGCTAACCGATGTGCTGGCGGAATTTGAGCAAGAAGCTGAACAGTTTGCCGCACTGAATATCAACGCCAACGATTATCTGCGTTCGGTATTGGTCAAAGCTCTGGGTGAAGAACGTGCCGCCAGCCTGCTGGAAGATATTCTCGAAACTCGCGATACCGCCAGCGGTATTGAAACGCTCAACTTTATGGAGCCGCAGAGTGCCGCCGATCTGATTCGCGATGAGCATCCGCAAATTATCGCCACCATTCTGGTGCATCTGAAGCGCGCCCAGGCCGCCGATATTCTGGCGTTGTTCGATGAACGTCTGCGCCACGACGTGATGTTGCGTATCGCCACCTTTGGCGGCGTGCAGCCAGCCGCGCTGGCGGAGCTGACCGAAGTACTGAATGGCTTGCTCGACGGTCAGAATCTCAAGCGCAGCAAAATGGGCGGCGTGAGAACGGCAGCCGAAATTATCAACCTGATGAAAACTCAGCAGGAAGAAGCCGTTATTACCGCCGTGCGCGAATTCGACGGCGAGCTGGCGCAGAAAATCATCGACGAGATGTTCCTGTTCGAGAATCTGGTGGATGTCGACGATCGCAGCATTCAGCGTCTGTTGCAGGAAGTAGATTCCGAATCGCTGTTGATCGCGCTGAAAGGGGCCGAGCAGCCACTGCGCGAGAAATTCCTGCGCAATATGTCGTAGCGTGCCGCCGATATTCTGCGCGACGATCTCGCCAACCGTGGTCCGGTGCGTCTGTCGCAGGTGGAAAACGAACAGAAAGCGATTCTGCTGATTGTGCGCCGCCTTGCCGAAACTGGCGAGATGGTAATTGGCAGCGGCGAGGATACCTATGTCTGA
位点 2052171-2052830	ATGAATAAAGAAACCGATATCCGACGGGGAAGGCATTGTGTTTTCCTGATGCATGTTCACCTGGTCTTTGTCACCAGATACCGACGTCAGATTTTTGACCATGACGCGACAGAAAAACTACGCGCTTACTTTTCAAATGTATGTGCTGATTTTGAAGCTGAACTGGTTGAAATGGATGGCGAACCAGATCACGTCCATTTGTTAATTAACTATCCTCCCAAACTGGCGATATCCAGTCTGGTAAACAGCCTCAAAGGCGTATCGGGTAGGTGACTGCGACGAGATCGACCAGATATTGCAGTCAGGTATTACTACAAAGGCGTTTTGTGGAGTCCTGGCTATTTTGCCAGTAGCTGCGGAGGTGCGCCAATATCCGTCATCCGCCAATACATTGAACAACAGCAAACACCTGGTCAGGTGGAAAACCGCGCCTTATATCCCTGCCCTGAAGGACGGGGTTTTACGGCGCACCGGATAAGCCTGGAGATTATCTACACCAGCATGGACATCATTGTACTATGCCCCGTACATGCCCCATCACATCCTCAACATCAAAGTATTAGAGCCTTGCAAACCATTATGCGTCTCAGTTTGTCTCATCTATCTTACGCAAAAAAAATAGAACTAATATCAAGCGGCGCTATATTGCGTATTAAATAA
位点 2058778-2059187	ATGTACGCGGCAAAAGGCACCCAGGCCTATGCACAAATTGGCGTCGAAAGCGCCGTAATGAGCGCAGCCAGCAGCAGCTGGTCACCATGCTATTTGATGGAGTGCTAAGCGCACTGGTTAGAGCGCGCCTGTTTATGCAGGACAACAATCAGCAAGGCAAAGGCGTCTCTTTGTCAAAAGCGATCAACATCATTGAGAACGGACTGCGGGTGAGTCTTGATGAAGAGAGCAAAGACGAATTAACCCAAAACTTGATTGCTCTTTATAGCTATATGGTCAGGCGTTTGCTGCAAGCAAATTTACGCAACGATGTCTCCGCAGTCGAAGAAGTGGAAGCATTAATGCGCAATATTGCCGATGCCTGGAAAGAGTCGTTACTCTCCCCTTCTTTGATTCAGGACCCAGTCTGA
位点 2072636-2072711	GCGGGAATAGCTCAGTTGGTAGAGCACGACCTTGCCAAGGTCGGGGTCGCGAGTTCGAGTCTCGTTTCCCGCTCCA
位点 2072636-2072711	GCGGGAATAGCTCAGTTGGTAGAGCACGACCTTGCCAAGGTCGGGGTCGCGAGTTCGAGTCTCGTTTCCCGCTCCA
位点 2072765-2072838	GGCGCGTTAACAAAGCGGTTATGTAGCGGATTGCAAATCCGTCTAGTCCGGTTCGACTCCGGAACGCGCCTCCA
位点 2072765-2072838	GGCGCGTTAACAAAGCGGTTATGTAGCGGATTGCAAATCCGTCTAGTCCGGTTCGACTCCGGAACGCGCCTCCA
位点 2072851-2072937	GCCCGGATGGTGGAATCGGTAGACACAAGGGATTTAAAATCCCTCGGCGTTCGCGCTGTGCGGGTTCAAGTCCCGCTCCGGGTACCA
位点 2072851-2072937	GCCCGGATGGTGGAATCGGTAGACACAAGGGATTTAAAATCCCTCGGCGTTCGCGCTGTGCGGGTTCAAGTCCCGCTCCGGGTACCA
位点 2088225-2088371	ATGAACGACAAAATCAGTCAGGACACGATCAACAAAGCCCTGTGGGCCGCGTGTGATACGTTCCGTGGCACCATCAGTGCTGATACCTATAAAGACTTTATCCTTACCATGCTGTTCCTCAAGTACATTTCAGATGTCTGGCAGGAT
位点 2088372-2088518	GGCACCATGGAACACTTCCTCGAAGCCTTCCGCGACGCCGACGTTGACGGCGCGCTGGCGGCCTCGGTATTCCACAAACAGATTATTAATATTGGCGAACTGAAAGCGTACCTGGCGGCACAGGGCGTGGAGATAAGGGTATGTTGA
位点 2216314-2216742	ATGATACTTTGGTCTGTGAAAAAAGAAACCGATATCCGGCGTGGAAGGCATTGTGTTTTCCTGATGCATGTTCACCTGGTCTTTGTCACCAGATACCGACTCCAGATTTTTGACCATGACGCGACAGAAAAACTACGCACTTACTTTTCAAATGTATGTGCTGATTTTGAAGCTGAACTTGTTGAAATGGATGGCGAACCAGATCACGTCCATTTGTTAATTAACTATCCTCCCAAACTGGCGATATCCAGTCTGGTAAACAGCCTCAAAGGCGTATCGGGTAGGTTACTGCGACGAGATCGACCAGATATTGCAGTCAGGTATTACTACAAAGGCGTTTTGTGGAGTCCTGGCTATTTTGCCAGTAGCTGCGGAGGTGCGCCAATATCCGTCATCCGCCAATACATTGAACAACAGCAAACACCTGGT
位点 2309990-2310454	ATGTATCAACGCTGTTTTGATAACGCCAGTGAAACGCTGTTTGTCGCCGGTAAAACGCCACGGCTTTCACGTTTTGCATTTAGCGATGATCCAAAATGGGAGTCCGGACATCACGTTCATGACAATGAAACCGAGTTGATTTACGTCAAGAAAGGGGTTGCAAGGTTTACCATCGATTCTTCGTTATATGTCGCACATGCGGATGACATTGTGGTGATAGAACGCGGCAGGCTGCATGCGGTGGCCTCTGACGTTAACGATCCGGCAACGACGTGTACCTGTGCGCTGTACGGCTTTCAGTTTCAGGGGGCTGAGGAAAATCAGCTACTGCAACCGCATTCTTGTCCGGTAATTGCCGCGGGGCAGGGAAAAGAAGTCATAAAAACCTTATTTAATGAGCTAAGTGTGATTTTGCCGCAAAGTAAAAATAGCCAAACATCTTCGTTATGGGATGCATTTGCCTAT
位点 2311652-2312101	TATACGTTAGCCATTCTTTACTACGAAAATTTTAAAAATGCTTATCGTTCGGAGCAGGGGTATATTAAAAAAGATGTTCTGATAAAAGATATTCTTTTCTATCTGAATAATAATTATCGCGAAAAAATCACTTTAGAACAGTTATCGAAAAAATTTCGTGCCAGCGTCAGTTATATTTGCCATGAATTTACCAAAGAGTATCGTATTTCCCCTATTAACTATGTTATTCAACGGCGTATGACGGAAGCAAAATGGTCACTCACTAATACTGAATTATCACAGGCAGAGATCTCCTGGCGTGTGGGTTATGAAAATGTCGATCACTTTGCCAAACTGTTTTTGCGCCATGTCGGTTGTTCGCCCAGCGATTACCGTAGACAATTTAAAAACTGTTTTGCGGAACAAGAAATCCTATCTGAATTTCCTCAACCGGTAAGTCTTGTTGGATAA
位点 2320013-2320120	ACGGTTATAAATCAACATATTGATTTATAAGCATGGAAATCCCCTGAGTGAAACAACGAATTGCTGTGTGTAGTCTTTGCCCATCTCCCACGATGGGCTTTTTTTTAA
位点 2320013-2320120	ACGGTTATAAATCAACATATTGATTTATAAGCATGGAAATCCCCTGAGTGAAACAACGAATTGCTGTGTGTAGTCTTTGCCCATCTCCCACGATGGGCTTTTTTTTAA
位点 2343901-2343977	GCGTCCGTAGCTCAGTTGGTTAGAGCACCACCTTGACATGGTGGGGGTCGGTGGTTCGAGTCCACTCGGACGCACCA
位点 2343901-2343977	GCGTCCGTAGCTCAGTTGGTTAGAGCACCACCTTGACATGGTGGGGGTCGGTGGTTCGAGTCCACTCGGACGCACCA
位点 2343982-2344058	GCGTTCATAGCTCAGTTGGTTAGAGCACCACCTTGACATGGTGGGGGTCGTTGGTTCGAGTCCAATTGAACGCACCA
位点 2343982-2344058	GCGTTCATAGCTCAGTTGGTTAGAGCACCACCTTGACATGGTGGGGGTCGTTGGTTCGAGTCCAATTGAACGCACCA
位点 2432520-2433217	GTGGCTTCTGTTTCTATCAGCTGTCCCTCCTGTTCAGCTACTGACGGGGTGGTGCGTAACGGCAAAAGCACCGCCGGACATCAGCGCTATCTCTGCTCTCACTGCCGTAAAACATGGCAACTGCAGTTCACTTACACCGCTTCTCAACCCGGTACGCACCAGAAAATCATTGATATGGCCATGAATGGCGTTGGATGCCGGGTAACTGCCCGCATTATGGGCGTTGGCCTCAACACGATTTTACGTCACTTAAAAAACTCAGGCCGCAGTCGGTAACCTCGCGCATACAGCCGGGCAGTGACGTCATCGTCTGCGCGGAAATGGACGAACAGTGGGGCTATGTCGGGGCTAAATCGCGCCAGCGCTGGCTGTTTTACGCGTATGACAGTCTCCGGAAGACGGTTGTTGCGCACGTATTCGGTGAACGCACTATGGCGACGCTGGGGCGTCTTATGAGCCTGCTGTCACCCTTTGACGTGGTGATATGGATGACGGATGGCTGGCCGCTGTATGAATCCCGCCTGAAGGGAAAGCTGCACGTAATCAGCAAGCGATATACGCAGCGAATTGAGCGGCATAACCTGAATCTGAGGCAGCACCTGGCACGGCTGGGACGGAAGTCGCTGTCGTTCTCAAAATCGGTGGAGCTGCATGACAAAGTCATCGGGCATTATCTGAACATAAAACACTATCAATAA
位点 2448276-2448626	GGCACCCTATGTTTCGTCATCGGTCTGGTCGGTTTTATTTTTTCCGGCAACAGCCTGCTATTGTGGGGTATGTCAGCTGCGGTATTTACTGTCGGTGAAATCATTTATGCGCCGGGCGAGTATATGTTGATTGACCATATTGCGCCGCCAGGAATGAAAGCCAGCTATTTTTCCGCCCAGTCTTTAGGCTGGCTTGGTGCCGCGATTAACCCATTAGTGAGTGGCGTAGTGCTAACCAGCCTGCCGCCTTCCTCGCTGTTTGTCATCTTAGCGTTGGTGATCATTGCTGCGTGGGTGCTGATGTTAAAAGGGATTCGTGCAAGACCGTGGGGGCAGCCCGCGCTTTGTTGA
位点 2448644-2449341	GTGGCTTCTGTTTCTATCAGCTGTCCCTCCTGTTCAGCTACTGACGGGGTGGTGCGTAACGGCAAAAGCACCGCCGGACATCAGCGCTATCTCTGCTCTCACTGCCGTAAAACATGGCAACTGCAGTTCACTTACACCGCTTCTCAACCCGGTACGCACCAGAAAATCATTGATATGGCCATGAATGGCGTTGGATGCCGGGCAACCGCCCGCATTATGGGCGTTGGCCTCAACACGATTTTCCGCCATTTAAAAAACTCAGGCCGCAGTCGGTAACCTCGCGCATACAGCCGGGCAGTGACGTCATCGTCTGCGCGGAAATGGACGAACAGTGGGGATACGTCGGGGCTAAATCGCGCCAGCGCTGGCTGTTTTACGCGTATGACAGGCTCCGGAAGACGGTTGTTGCGCACGTATTCGGTGAACGCACTATGGCGACGCTGGGGCGTCTTATGAGCCTGCTGTCACCCTTTGACGTGGTGATATGGATGACGGATGGCTGGCCGCTGTATGAATCCCGCCTGAAGGGAAAGCTGCACGTAATCAGCAAGCGATATACGCAGCGAATTGAGCGGCATAACCTGAATCTGAGGCAGCACCTGGCACGGCTGGGACGGAAGTCGCTGTCGTTCTCAAAATCGGTGGAGCTGCATGACAAAGTCATCGGGCATTATCTGAACATAAAACACTATCAATAA
位点 2449398-2450240	ATGAACTTATCCCTACGACGCTCTACCAGCGCCCTTCTTGCCTCGTCGTTGTTATTAACCATCGGACGCGGCGCTACGCTGCCATTTATGACCATTTACTTGAGTCGCCAGTACAGCCTGAGTGTCGATCTAATCGGTTATGCGATGACAATTGCGCTCACTATTGGCGTCGTTTTTAGCCTCGGTTTTGGTATCCTGGCGGATAAGTTCGACAAGAAACGCTATATGTTACTGGCAATTACCGCCTTCGCCAGCGGTTTTATTGCCATTCCTTTAGTGAATAACGTAACGCTGGTGGTGCTCTTTTTTGCCCTCATTAACTGCGCCTATTCTGTTTTTGCTACCGTGCTGAAAGCCTGGTTTGCCGACAATCTTTCGTCCACCAGCAAAACGAAAATCTTCTCAATCAACTACACCATGCTAAACATTGGCTGGACCATCGGTCCGCCGCTCGGCACGCTGTTGGTGATGCAGAGCATCAATCTGCCCTTCTGGCTGGCAGCTATCTGTTCCGCGTTTCCCATGCTTTTCATTCAAATTTGGGTAAAGCGCAGCGAGAAAATCATCGCCACGGAAACAGGCAGTGTCTGGTCGCCGAAAGTTTTATTACAAGATAAAGCACTGTTGTGGTTTACCTGCTCTGGTTTTCTGGCTTCTTTTGTAAGCGGCGCATTTGCTTCATGCATTTCACAATATGTGATGGTGATTGCTGATGGGGATTTTGCCGAAAAGGTGGTCGCGGTTGTTCTTCCGGTGAATGCTGCCATGGTGGTTACGTTGCAATATTCCGTGGGCCGCCGACTTAACCCGGCTAACATCCGCGCGCTGATGACAGCAGGCACC
位点 2487758-2487966	GCGGGAATGAGTCCACTCCGGTATCAGAAATGGCTACGTCTCAATGAAGTCAGGCGACCGATGCTGAATGAACATTACGATGTCACCACAGCAGCCTATGCTGTCGGTTACGAAAGCTATCCCATTTCAGTCGGGAATATTCGCGGATGTTTGGAGAGTCACCCAAGAGAGATATTACCAGGTTAAGAAAGTCTGTCGGTCAGCTTTAA
位点 2501505-2502074	ACTCACACCCCAATGTTTATGTGGTGGAAAGGAAAACTTCAACCCGGTAATTATGACAAGCTGATTTCCGCAATGGATTTCTACCCGACAGCTCTTGATGCAGCCGATATCAGCATTCCAAAAGACCTTAAGCTGGATGGCGTTTCCTTGCTGCCCTGGTTGCAAGATAAGAAACAAGGCGAGCCACATAAAAATCTGACCTGGATAACCTCTTATTCTCACTGGTTTGACGAGGAAAATATTCCATTCTGGGATAATTACCACAAATTTGTTCGCCATCAGTCAGACGATTACCCGCATAACCCCAACACTGAGGACTTAAGCCAATTCTCTTATACGGTGAGAAATAACGATTATTCGCTTGTCTATACAGTAGAAAACAATCAGTTAGGTCTCTACAAACTGACGGATCTACAGCAAAAAGATAACCTTGCCGCCGCCAATCCGCAGGTCGTTAAAGAGATGCAAGGCGTGGTAAGAGAGTTTATCGACAGCAGCCAGCCACCGCTTAGCGAGGTAAATCAGGAGAAGTTTAACAATATCAAGAAAGCACTAAGCGAAGCGAAATAA
位点 2550296-2550586	ATGATTGTAAAAGCACTAGAAACAAAATATGGTCAAATATATGGCCGAGATGCGTTGATTTTAACTGGAACAGAGTTAAATCTGTATCCATTTAACTTTACCATCAAAGCTTCCTTATCGTTGTCTGCCTGCAAACCTGCTATTAAAGATGCTTATGATGTAAGTCTCGAGGTTTTTATTAGCAAAATTGAAAAGTTATCTATATATAAAGTTGATGATTATCCTTTTGAGCAATATACTACATCAAGTTTCGATTTAGTAGAAGATATCCAAAGAGATGGAGTTCAGCAC
位点 2582146-2582647	ATGATACTTTGGTCTGTGAATAAAGAAACCGATATCCGGCGTGGAAGGCATTGTGTTTTCCTGATGCATGTTCACCTGGTCTTTGTCACCAGATACCGACGCCAGATTTTTTGACGCGACAGAAAAACTACGCACTTACTTTTCAAATGTATGTGCTTATTTTGAAGCTGAACTGGTTGAAATGGATGGCGAACCAGATCACGTCCATTTGTTAATTAACTAACCTCCCAAACTGGCGATATCCAGTCTGGTAAACAGCCTCAAAGGCGTATCGGGTAGGTTACTGCGACGAGATCGACCAGATATTGCAGTCAGGTATTACTACAAAGGCGTTTTGTGGAGTCCTGGCTATTTTGCCAGTAGCTGCGGAGGTGCGCCAATATCCGTCATCCGCCAATACATTGAACAACAGCAAACACCTGGTCAGGTGGAAAACCGCACCTTATATCCCCGCCCTGAAGGATGGGGTTTTACGGCACACCGGATAAAAAGCGCCATCTAA
位点 2639699-2640396	GTGGCTTCTGTTTCTATCAGCTGTCCCTCCTGTTCAGCTACTGACGGGGTGGTGCGTAACGGCAAAAGCACCGCCGGACATCAGCGCTATCTCTGCTCTCACTGCCGTAAAACATGGCAACTGCAGTTCACTTACACCGCTTCTCAACCCGGTACGCACCAGAAAATCATTGATATGGCCATGAATGGCGTTGGATGCCGGGCAACCGCCCGCATTATGGGCGTTGGCCTCAACACGATTTTCCGCCATTTAAAAAACTCAGGCCGCAGTCGGTAACCTCGCGCATACAGCCGGGCAGTGACGTCATCGTCTGCGCGGAAATGGACGAACAGTGGGGATACGTCGGGGCTAAATCGCGCCAGCGCTGGCTGTTTTACGCGTATGACAGGCTCCGGAAGACGGTTGTTGCGCACGTATTCGGTGAACGCACTATGGCGACGCTGGGGCGTCTTATGAGCCTGCTGTCACCCTTTGACGTGGTGATATGGATGACGGATGGCTGGCCGCTGTATGAATCCCGCCTGAAGGGAAAGCTGCACGTAATCAGCAAGCGATATACGCAGCGAATTGAGCGGCATAACCTGAATCTGAGGCAGCACCTGGCACGGCTGGGACGGAAGTCGCTGTCGTTCTCAAAATCGGTGGAGCTGCATGACAAAGTCATCGGGCATTATCTGAACATAAAACACTATCAATAA
位点 2710448-2710585	ATGAAAAATGTACTGATTCTTGGTGCTGGCGGTCAGATAGCCCGCCATGTGATTAATCAACTGGCAGATAAGCAAACCATTAAACAAACTTTATTTGCCCGTCAGCCAGCAAAAATCCACAAACCCTATCCAACTAAT
位点 2756475-2757172	GTGGCTTCTGTTTCTATCAGCTGTCCCTCCTGTTCAGCTACTGACGGGGTGGTGCGTAACGGCAAAAGCACCGCCGGACATCAGCGCTATCTCTGCTCTCACTGCCGTAAAACATGGCAACTGCAGTTCACTTACACCGCTTCTCAACCCGGTACGCACCAGAAAATCATTGATATGGCCATGAATGGCGTTGGATGCCGGGCAACCGCCCGCATTATGGGCGTTGGCCTCAACACGATTTTCCGCCATTTAAAAAACTCAGGCCGCAGTCGGTAACCTCGCGCATACAGCCGGGCAGTGACGTCATCGTCTGCGCGGAAATGGACGAACAGTGGGGATACGTCGGGGCTAAATCGCGCCAGCGCTGGCTGTTTTACGCGTATGACAGGCTCCGGAAGACGGTTGTTGCGCACGTATTCGGTGAACGCACTATGGCGACGCTGGGGCGTCTTATGAGCCTGCTGTCACCCTTTGACGTGGTGATATGGATGACGGATGGCTGGCCGCTGTATGAATCCCGCCTGAAGGGAAAGCTGCACGTAATCAGCAAGCGATATACGCAGCGAATTGAGCGGCATAACCTGAATCTGAGGCAGCACCTGGCACGGCTGGGACGGAAGTCGCTGTCGTTCTCAAAATCGGTGGAGCTGCATGACAAAGTCATCGGGCATTATCTGAACATAAAACACTATCAATAA
位点 2766581-2767278	GTGGCTTCTGTTTCTATCAGCTGTCCCTCCTGTTCAGCTACTGACGGGGTGGTGCGTAACGGCAAAAGCACCGCCGGACATCAGCGCTATCTCTGCTCTCACTGCCGTAAAACATGGCAACTGCAGTTCACTTACACCGCTTCTCAACCCGGTACGCACCAGAAAATCATTGATATGGCCATGAATGGCGTTGGATGCCGGGCAACCGCCCGCATTATGGGCGTTGGCCTCAACACGATTTTCCGCCATTTAAAAAACTCAGGCCGCAGTCGGTAACCTCGCGCATACAGCCGGGCAGTGACGTCATCGTCTGCGCGGAAATGGACGAACAGTGGGGATACGTCGGGGCTAAATCGCGCCAGCGCTGGCTGTTTTACGCGTATGACAGGCTCCGGAAGACGGTTGTTGCGCACGTATTCGGTGAACGCACTATGGCGACGCTGGGGCGTCTTATGAGCCTGCTGTCACCCTTTGACGTGGTGATATGGATGACGGATGGCTGGCCGCTGTATGAATCCCGCCTGAAGGGAAAGCTGCACGTAATCAGCAAGCGATATACGCAGCGAATTGAGCGGCATAACCTGAATCTGAGGCAGCACCTGGCACGGCTGGGACGGAAGTCGCTGTCGTTCTCAAAATCGGTGGAGCTGCATGACAAAGTCATCGGGCATTATCTGAACATAAAACACTATCAATAA
位点 2787043-2787132	TTACCTCCGCTTTACAAAGATATGCTTTTCCATACAAGACCTGATGCTGCCACCCGAGGCTTAACCAGGGTACAATTGCCCGCTAATTAA
位点 2804300-2805196	ATGCCACTTCTCAATGATCTGCTCGATTTCAGTGACCATCCGCTTATGCCTCCGCCCTCTGCACAACTATTTGCAGAACACCTTCCCACCGAGTGGATACAACACTGCCTGACGCTTTCTGCTCATGCGACCGTTCGCCGCCGTCGTTTACCGGGGGACATGGTTATCTGGATGGTGGTGCAATGAGCCAATTACCGATGTTGTTCGCCGTCTGAACCTGAGCGCGGATGGCGAAGCGGGGATGAACCTGCTGGCCCGCAGCGCTGTCACCCAGGCGCGTCAGCGCGTGGGGGCCGCCCCAGTGGAATGGCTCTTCCGCCAGACCGCACAGACAGGGGCGCGGAACGTTACCTGAAGGATGACTGGCACGGCCTGCAACTTTTTGCCATTGATGGCGCACAGTTCAGGACACCTGATAAACCCGAGCTGCGTGAATATTATGGGTCTGCCAACACATCCACTAAGCGGCAGAACGCCTACCCGGTTATGCGTCTGGTGGCCTTAATGAACCTGGGAAGTCACATTCTGCTGAATGCCGTGACCGCACCTTACCGGCAGAGCGAAACTGTGCTGGCCCACTCCATGCTCGCCACCATCCCGGATAACTCTATTACGTTGTTTGATAAACTTTTTTACAGCGAAGACCTGCTGCTGACGCTGAACCAGAAGGGTTGTAACCGCCACTGGCTACTGCCTGCGTGGAAGAATATCGCATCAGAAATGATAGAGCTGGGAAACACGGCGTCACCAGGGACCATCCCGAAACGACTGGAGCATCTTCGGGGTGCTCTGGAAGTGGTGTTCATAACAAAACGCCCCCGACCATCAAGGCCGAGGTCGGTTAAGATATCAAAAACCCGTTATCCTGTGAAACATAGTGCCGCTCCTCTTAAGTGA
位点 2812000-2812084	GGTGGGGTTCCCGAGCGGCCAAAGGGAGCAGACTGTAAATCTGCCGTCATCGACTTCGAAGGTTCGAATCCTTCCCCCACCACCA
位点 2812000-2812084	GGTGGGGTTCCCGAGCGGCCAAAGGGAGCAGACTGTAAATCTGCCGTCATCGACTTCGAAGGTTCGAATCCTTCCCCCACCACCA
位点 2812119-2812203	GGTGGGGTTCCCGAGCGGCCAAAGGGAGCAGACTGTAAATCTGCCGTCATCGACTTCGAAGGTTCGAATCCTTCCCCCACCACCA
位点 2812119-2812203	GGTGGGGTTCCCGAGCGGCCAAAGGGAGCAGACTGTAAATCTGCCGTCATCGACTTCGAAGGTTCGAATCCTTCCCCCACCACCA
位点 2812251-2812382	ATTCTGCCCAAGCGGGGAAGGATGAGAAGCTTCGACCAAGGTTCGACTTGAGCGCCAGCGAGAGAGCGTTGCCGCAGGCAACGACCCGAAGGGCGAAGCGCGCAGCGCTGAGTAATCCTTCCCCCACCACCA
位点 2812251-2812382	ATTCTGCCCAAGCGGGGAAGGATGAGAAGCTTCGACCAAGGTTCGACTTGAGCGCCAGCGAGAGAGCGTTGCCGCAGGCAACGACCCGAAGGGCGAAGCGCGCAGCGCTGAGTAATCCTTCCCCCACCACCA
位点 2868701-2869611	ATGACTGAAATCGTTGCAGATAAAACGGTAGAAGTAGTTAAAAACGCAATCGAAACTGCAGATGGAGCATTAGATCTTTATAATAAATATCTCGATCAGGTCATCCCCTGGCAGACCTTTGATGAAACCATAAAAGAGTTAAGTCGCTTTAAACAGGAGTATTCACAGGCAGCCTCCGTTTTAGTCGGCGATATTAAAACCTTACTTATGGATAGCCAGGATAAGTATTTTGAAGCAACCCAAACAGTGTATGAATGGTGTGGTGTTGCGACGCAATTGCTCGCAGCGTATATTTTTCTATTTGATGAGTACAATGAGAAGAAAGCATCCGCCCAGAAAGACATTCTCATTAAGGTACTGGATGACGGCATCACGAAGCTGAATGAAGCGCAAAAATCCCTGCTGGTAAGCTCACAAAGTTTCAACAACGCTTCCGGGAAACTGCTGGCGTTAGATAGCCAGTTAACCAATGATTTTTCAGAAAAAAGCAGCTTTTCCAGTCACAGGTAGATAAAATCAGGAAGGAAGCGTATGCCGGTGCCGCAGCCGGTGTCGTCGCCGGTCCATTTGGATTAATCATTTCCTATTCTATTGCTGCGGGCGTAGTTGAAGGGAAACTGATTCCAGAATTGAAGAACAAGTTAAAATCTGTGCAGAATTTCTTTACCACCCTGTCTAACACGGTTAAACAAGCGAATAAAGATATCGATGCCGCCAAATTGAAATTAACCACCGAAATAGCCGCCATCGGGGAGATAAAAACGGAAACTGAAACAACCAGATTCTATGTTGATTATGATGATTTAATGCTTTCTTTGCTAAAAGAAGCGGCAAAAAAAATGATTAACACCTGTAATGAGTATCAGAAAAGACACGGTAAAAAGACACTCTTTGAGGTACCTGAAGTCTGA
位点 2875204-2875548	TATCATTTATCCAATGGCATGGAATCGAAATCAGTCGATACCCGCAGTATATATCGTGAACTGGGTGCAACGCTGAGTTACAACATGCGTCTGGGGAACGGTATGGAAATTGAACCCTGCCTGAAGGCGGCTGTGCGCAAAGAATTTGTCGATGATAATCGGGTGAAAGTGAATAGTGACGGTAATTTTGTCAATGATTTGTCGGGCAGACGTGGAATATACCAGGCAGGTATTAAAGCCTCATTCAGCAGTACGTTAAGCGGGCATTTCGGGGTGGGGTATAGCCATGGTGCCGGTGTGGAGTCCCCGTGGAACGCGGTGGCTGGTGTGAACTGGTCGTTCTGA
位点 2980250-2980947	GTGGCTTCCATCTCCATCAGTTGTCCCTCCTGCTCAGCTACTGAAGGCGTGGTGCGTAACGGTAAAAGTACTGCCGGACATCAGCGCTATCTCTGCTCTCACTGCCGTAAAACATGGCAACTGCAGTTCACTTACACCGCTTCTCAACCCGGTACACACCAGAAAATCATTGATATGGCCATGAATGGTGTTGGATGCCGGGCAACCGCCCGCATTATGGGCGTTGGCCTCAACACGATTTTACGTCACTTAAAAAACTCAGGCCGCAGTCGGTAACCTCGCGCATACAGCCGGGCAGTGATGTGATTGTCTGCGCTGAAATGGACGAACAGTGGGGCTACGTCGGTGCTAAATCACGTCAGCGCTGGCTGTTTTACGCGTATGACAGGATACGGAGGACGGTTGTGGCGCACGTCTTCGGTGAACGCACTCTGGCCACACTGGAGCGTCTTCTGAGCCTGCTGTCGGCCTTTGAGGTCGTGGTATGGATGACGGATGGCTGGCCGCTGTATGAATCCCGCCTGAAGGGAAAGCTGCACGTAATCAGCAAGCGTTACACTCAGCGCATTGAGCGACATAACCTGAATCTGAGACAACATCTGGCAAGGCTGGGACGGAAGTCACTGTCGTTCTCAAAATCGGTGGAGCTGCATGACAAAGTCATCGGGCATTATCTGAACATAAAACACTATCAGTAA
位点 2987128-2987215	GGTGAGGTGTCCGAGTGGCTGAAGGAGCACGCCTGGAAAGTGTGTATACGGCAACGTATCGGGGGTTCGAATCCCCCCCTCACCGCCA
位点 2987128-2987215	GGTGAGGTGTCCGAGTGGCTGAAGGAGCACGCCTGGAAAGTGTGTATACGGCAACGTATCGGGGGTTCGAATCCCCCCCTCACCGCCA
位点 3042443-3042530	GGAAGTGTGGCCGAGCGGTTGAAGGCACCGGTCTTGAAAACCGGCGACCCGAAAGGGTTCCAGAGTTCGAATCTCTGCGCTTCCGCCA
位点 3042443-3042530	GGAAGTGTGGCCGAGCGGTTGAAGGCACCGGTCTTGAAAACCGGCGACCCGAAAGGGTTCCAGAGTTCGAATCTCTGCGCTTCCGCCA
位点 3148473-3148560	GGTGAGGTGTCCGAGTGGCTGAAGGAGCACGCCTGGAAAGTGTGTATACGGCAACGTATCGGGGGTTCGAATCCCCCCCTCACCGCCA
位点 3148473-3148560	GGTGAGGTGTCCGAGTGGCTGAAGGAGCACGCCTGGAAAGTGTGTATACGGCAACGTATCGGGGGTTCGAATCCCCCCCTCACCGCCA
位点 3166401-3167108	GTGCCGCAACGCATTTTAGTTCTCGGTGCCAGTGGCTACATTGGTCAGCATCTGGTGCGCACACTCAGCCAGCAAGGGCATCAGATCCTGGCGGCGGCACGTCATGTCGACAGGCTTGCAAAGCTGCAACTGGCAAACGTCAGTTGCCATAAAGTCGATCTCAGCTGGCCGGATAACCTTCCGGCCCTGTTGCAGGATATCGATACCGTCTATTTTCTGGTGCACAGCATGGGCGAAGGCGGCGATTTTATCGCTCAGGAGCGCCAGGTGGCTCTCAACGTCCGCGATGCGCTACGTGAAGTACCAGTTAAGCAATTAATCTTTCTCAGTTCGTTGCAGGCCCCGCCACATGAGCAGTCGGATCATCTGCGTGCTCGTCAGGCTACGGCGGACATTCTTCGTGAAGCGAATGTACCTGTGACCGAACTTCGGGCCGGAATTATCGTTGGCGCAGGTTCAGCGGCGTTCGAAGTCATGCGCGATATGGTCTACAACCTGCCAGTGTTAACGCCGCCACGCTGGGTACGTTCACGCACCACGCCCATCGCGCTGGAAAACTTGCTGCACTATCTGGTGGCGTTGTTAGATCATCCGGCCAGCGAACACCGCATCTTCGAAGCCGCCGGACCAGAGGTGCTCAGTTATCAGCAACAGTTTGAACATTTTATGGCGGTGAGCGGTAAGCGCCGCTGGTTGATCCCCATCCCC
位点 3167224-3167901	TCCGTACCGCCCACCACCGCCAGGGCGTTGATTCAGGGGCTGAAACACGATCTGCTGGCGGATGATACCGCGCTACGTGCACTCATCCCACAACGGCTGATCGCTTTCGATGACGCGGTACGTAGCACGTTGAAAGAGGAGGAAAAACTGGTCAACTCCAGCGACTGGGGCTACGACGCTCAGGCCTTTGCCCGCTGGCGACCGGAGTACGGTTATTTTGCCAAACAGGCGGGGTTTACCGTTAAAACGTCCGCCAGCCTTGCTGCTTTATGGCAGGTAGTGAACCAAATCGGCGGTAAAGAGCGTTATTTCTTTGGCAATATTTTGTGGCAGACACGGGCGTTGATGGACCGCGCGATCGGTCATAAGCTGGCGAAAGGCCGCCCGGAGCGCGAATATTTACAGACTGGCGATGCGGTAGATAGCTGGAAAGTGATTGTCGTTGAACCGGAAAAACAACTTACGTTGTTATTTGGCATGAAAGCGCCGGGGCTGGGACGACTGTGTTTTAGCCTGGAAGATAAAGGCGACTATCGTACTATCGATGTCCGCGCTTTCTGGCATCCGCACGGTATGCCGGGGCTGTTTTACTGGTTATTGATGATCCCCGCGCATCTGTTTATTTTTCGCGGAATGGCAAAACAAATCGCCAGACTGGCAGAACAAAGCACAGATTAA
位点 3328523-3328648	TGCTATCTGCGATACTCAAAGATTCGAACCTGCAGCAGGTTTGAGTTGAGCGCAGCGAAACAACGGAGCCGCTCGCGGCGACGGCCCGAAGGGCGAGCGAAGCGAGTCATCCTGCACGACCCACCA
位点 3328523-3328648	TGCTATCTGCGATACTCAAAGATTCGAACCTGCAGCAGGTTTGAGTTGAGCGCAGCGAAACAACGGAGCCGCTCGCGGCGACGGCCCGAAGGGCGAGCGAAGCGAGTCATCCTGCACGACCCACCA
位点 3328679-3328754	GGGTCGTTAGCTCAGTTGGTAGAGCAGTTGACTTTTAATCAATTGGTCGCAGGTTCGAATCCTGCACGACCCACCA
位点 3328679-3328754	GGGTCGTTAGCTCAGTTGGTAGAGCAGTTGACTTTTAATCAATTGGTCGCAGGTTCGAATCCTGCACGACCCACCA
位点 3328788-3328863	GGGTCGTTAGCTCAGTTGGTAGAGCAGTTGACTTTTAATCAATTGGTCGCAGGTTCGAATCCTGCACGACCCACCA
位点 3328788-3328863	GGGTCGTTAGCTCAGTTGGTAGAGCAGTTGACTTTTAATCAATTGGTCGCAGGTTCGAATCCTGCACGACCCACCA
位点 3329010-3329085	GGGTCGTTAGCTCAGTTGGTAGAGCAGTTGACTTTTAATCAATTGGTCGCAGGTTCGAATCCTGCACGACCCACCA
位点 3329010-3329085	GGGTCGTTAGCTCAGTTGGTAGAGCAGTTGACTTTTAATCAATTGGTCGCAGGTTCGAATCCTGCACGACCCACCA
位点 3329089-3329164	GGGTGATTAGCTCAGCTGGGAGAGCACCTCCCTTACAAGGAGGGGGTCGGCGGTTCGATCCCGTCATCACCCACCA
位点 3329089-3329164	GGGTGATTAGCTCAGCTGGGAGAGCACCTCCCTTACAAGGAGGGGGTCGGCGGTTCGATCCCGTCATCACCCACCA
位点 3329314-3329389	GGGTCGTTAGCTCAGTTGGTAGAGCAGTTGACTTTTAATCAATTGGTCGCAGGTTCGAATCCTGCACGACCCACCA
位点 3329314-3329389	GGGTCGTTAGCTCAGTTGGTAGAGCAGTTGACTTTTAATCAATTGGTCGCAGGTTCGAATCCTGCACGACCCACCA
位点 3329392-3329467	GGGTGATTAGCTCAGCTGGGAGAGCACCTCCCTTACAAGGAGGGGGTCGGCGGTTCGATCCCGTCATCACCCACCA
位点 3329392-3329467	GGGTGATTAGCTCAGCTGGGAGAGCACCTCCCTTACAAGGAGGGGGTCGGCGGTTCGATCCCGTCATCACCCACCA
位点 3329603-3329678	GGGTCGTTAGCTCAGTTGGTAGAGCAGTTGACTTTTAATCAATTGGTCGCAGGTTCGAATCCTGCACGACCCACCA
位点 3329603-3329678	GGGTCGTTAGCTCAGTTGGTAGAGCAGTTGACTTTTAATCAATTGGTCGCAGGTTCGAATCCTGCACGACCCACCA
位点 3410564-3410640	GGCTACGTAGCTCAGTTGGTTAGAGCACATCACTCATAATGATGGGGTCACAGGTTCGAATCCCGTCGTAGCCACCA
位点 3410564-3410640	GGCTACGTAGCTCAGTTGGTTAGAGCACATCACTCATAATGATGGGGTCACAGGTTCGAATCCCGTCGTAGCCACCA
位点 3410650-3410734	GCGGGAGTGGCGAAATTGGTAGACGCACCAGATTTAGGTTCTGGCGCCGCAAGGTGTGCGAGTTCAAGTCTCGCCTCCCGCACCA
位点 3410650-3410734	GCGGGAGTGGCGAAATTGGTAGACGCACCAGATTTAGGTTCTGGCGCCGCAAGGTGTGCGAGTTCAAGTCTCGCCTCCCGCACCA
位点 3410758-3410832	TGGGGTATCGCCAAGCGGTAAGGCACCGGTTTTTGATACCGGCATTCCCTGGTTCGAATCCAGGTACCCCAGCCA
位点 3410758-3410832	TGGGGTATCGCCAAGCGGTAAGGCACCGGTTTTTGATACCGGCATTCCCTGGTTCGAATCCAGGTACCCCAGCCA
位点 3410867-3410941	TGGGGTATCGCCAAGCGGTAAGGCACCGGTTTTTGATACCGGCATTCCCTGGTTCGAATCCAGGTACCCCAGCCA
位点 3410867-3410941	TGGGGTATCGCCAAGCGGTAAGGCACCGGTTTTTGATACCGGCATTCCCTGGTTCGAATCCAGGTACCCCAGCCA
位点 3410957-3411033	GGCTACGTAGCTCAGTTGGTTAGAGCACATCACTCATAATGATGGGGTCACAGGTTCGAATCCCGTCGTAGCCACCA
位点 3410957-3411033	GGCTACGTAGCTCAGTTGGTTAGAGCACATCACTCATAATGATGGGGTCACAGGTTCGAATCCCGTCGTAGCCACCA
位点 3411082-3411156	TGGGGTATCGCCAAGCGGTAAGGCACCGGATTCTGATTCCGGCATTCCGAGGTTCGAATCCTCGTACCCCAGCCA
位点 3411082-3411156	TGGGGTATCGCCAAGCGGTAAGGCACCGGATTCTGATTCCGGCATTCCGAGGTTCGAATCCTCGTACCCCAGCCA
位点 3411194-3411268	TGGGGTATCGCCAAGCGGTAAGGCACCGGATTCTGATTCCGGCATTCCGAGGTTCGAATCCTCGTACCCCAGCCA
位点 3411194-3411268	TGGGGTATCGCCAAGCGGTAAGGCACCGGATTCTGATTCCGGCATTCCGAGGTTCGAATCCTCGTACCCCAGCCA
位点 3572470-3573291	ACGAAAGAAATATGGAAACAGAAAGTTCAGGCCGCCATCAGGAAAGGTAAAGAACCGCCTGTTTATGAACCAAAGCCAGTATCAACTCAGACAAAGGCAAAGCATCTTGCCATGATAAAGGCCATTCTCCGTGCTGCAGAACGCGACTGGAAGTGGCTGGAAAAAGCGCCTGTCATCAAGATACCAGCGGTCAGAAACAAGCGAGTCAGATGGCTGGAAAAGGAGGAAGCAAAACGCCTTATTGATGAGTGCCCCGAACCACTGAAATCTGTCGTCAAGTTTGCGCTGGCAACTGGTCTGAGAAAGTCGAACATCATAAATCTGGAATGGCAACAAATCGACATGCAGCGACGAGTTGCCTGGGTGAATCCAGAAGAGAGCAAATCAAACCGCGCCATTGGTGTGGCGCTGAACGATACCGCCTGTAAAGTGTTGCGTGATCAAATAGGCAAGCATCACAAATGGGTGTTTGTACATACCAAGGCGGCTAAGCGAGCAGATGGAACATCAACGCCTGCGGTCAGGAAGATGCGCATCGACAGCAAGACATCATGGCTATCAGCTTGTCGTCGTGCAGGAATTGAAGATTTCCGTTTCCATGACCTCAGACACACCTGGGCAAGCTGGCTGATTCAGTCAGGCGTCCCATTATCAGTGCTTCAGGAAATGGGCGGATGGGAGTCCATAGAAATGGTTCGTAGGTATGCTCACCTTGCGCCTAATCATTTGACAGAGCATGCGAGGAAAATAGACGACATTTTTGGTGATAATGTCCCAAATATGTCCCACTCTGGAATTATGGAGGATATAAAGAAGGCGTAA
位点 3573307-3573383	GCGCCCTTAGCTCAGTTGGATAGAGCAACGACCTTCTAAGTCGTGGGCCGCAGGTTCGAATCCTGCAGGGCGCGCCA
位点 3573307-3573383	GCGCCCTTAGCTCAGTTGGATAGAGCAACGACCTTCTAAGTCGTGGGCCGCAGGTTCGAATCCTGCAGGGCGCGCCA
位点 3605033-3605514	ATGAAACTTCAGGTATTACCGTTAAGTCAGGAAGCCTTTAGTGCTTATGGCGACGTAATCGAAACTCAGCAACGGGATTTTTTCCATATTAACAATGGCCTGGTGGAGCGTTACCACGATTTGGCGCTGGTTGAGATTCTTGAGCAAGACCGTACGCTTATCAGCATTACCCCGCGCAACCGGCGAATCTGCCGCTGACCATTCACGAACTCGAACGTCATCCGCTGGGCACTCAGGCCTTTATCCCGATGAAAGGTGAAGTGTTTGTGGTGGTCGTGGCGTTAGGCGACGACAAACCAGACCTGTCAACGCTGCGGGCGTTTATCACCAACGGCGAACAGGGAGTGAATTACCATCGTAACGTCTGGCATCACCCACTTTTCGCCTGGCAGCGCGTCACCGATTTTCTGACCATCGATCGCGGCGGCAGTGACAACTGTGATGTTGAAAGTATTCCTGAACAGGAACTCTGTTTTGCGTGA
位点 3654722-3654818	TGTTGGTTCTCCCGCAACGCTACTCTGTTTACCAGGTCAGGTCCGGAAGGAAGCAGCCAAGGCAGATGACGCGTGTGCCGGGATGTAGCTGGCAGGG
位点 3654722-3654818	TGTTGGTTCTCCCGCAACGCTACTCTGTTTACCAGGTCAGGTCCGGAAGGAAGCAGCCAAGGCAGATGACGCGTGTGCCGGGATGTAGCTGGCAGGG
位点 3723497-3723838	GATATTGTTGCGGAACTGGCTACGATAAAAGATAAATCAGATGATGAATGGTGGCGTGCATTGCTGCAAAGTCGCAATGATCATTTGCGCCAAACGGCATTACGCAACGCACATACCCCGGCGTCGTTGTTAACGACATTGACCGAGTCTCGGCATCGGTCGCTAGCTATGAATAATCCACAGCTCGCTGCCGATGTGAAAACGACGTGGTTAAAAGAGGATCCATCATTACTCTTATTTGTCGAACAACCCGATCTTTCGCTGTTACGGGATTTAGTGAAAACCGGGGCAATGCGGAAAATTCGCAGTGAAGCGCGTCACTGGCTTGAGGAAAAACAATGA
位点 3741522-3742343	ATGCACTCCTGGAAAAAGAAACTTGTAGTATCACAATTAGCATTGGCTTGCACTCTGGCTATCACCTCTCAGGCTAATGCAACTACTTATGACACCTGGACTTATTACGACAATCCAACTACCGCTCTTGACTGGAGCAATATGGATGCACCGGGTACTGTAGATGGTAACTATGTGAATTATAGTGGCTTTGTCTACTATAACAACACAAACGGTGATTTCGATACCACCTTTAATGGTGACACTGTTAACGGGACTATCTCTACATATTACCTGAATCATGACTTTACTGATGGAACAACAAACCAGTTGAACATCAGCAACTCCCTGATTCATGGTTCAATCACTTCAATGCTGCCTATGGGTGAAAGCAGTGATGGTCATTATGTCTATCAGTTCTCTGAATACGGTACTGATCGTGTAATTGATGATAATTGGCATGATGGTGATGTATTCACTTTAAATATTGCTAATTCTACAATTGATGACGATTATGAAGGTTTATACTTCACTGATTCATATCTGGACGGTGACGTTACCAAATATACTAACGAAACCTTCCATACCCCAGCTGGTGAAGGTGAAGAATACGCCGGTTTGTTTGCAAACGGTGGTGTTGGCCTTGGGCTGGCAGTGAATCTTGATGTCGAAAGTAACATCAATATTTCTAACAACTCCCGCGTTGCTGGTATCAGCCTGACTCAGGGTAATACCGTAAACAATACTTACACTACTGAATCTCATACTTGGGATAACAATATCTCAGTTACCGATTCCACAGTGACTTCAGGTTCTGTAACTACTCTGGAAGACAGTGGTTTC
位点 3819296-3819424	GATTTCTCACTGACAGATAAAGAAATGGCACAAATTAGTTCGCTTGATTTGGGTTATGTTGGGGAGTCGGTAAAACATTTTAATCCTGAATTTGTTCGTGGTTGTCTTGCTGTAAAAATACATGATTGA
位点 3841596-3841934	CATAAGTGTATCGGCTGGCGTCAGTCCCCGGAGGTTGCGCCTTATCGCTGGCCATTTGAAGAAAACGGGAGAACTTTCGACCTTGCGATTGAACCGCAGATTACGACTAATGATCTGCGTCTGATGTTGAGGCTGGCTCTTGCCGGCGGAGGAATAACAATTGCCACTCAGGAAACTTTCAGGCCATATATTGAAAGCGGTAAGCTTGTATCGCTGCTTGATGACTTTCTTCCACAATTTCCGGGCTTCTATCTGTATTTCCCACAGCGTCGCAATATTGCACCAAAGCTCCGCGCCCTGATTGACTACGTCAAAGAATGGCGGCAGCAATTGGTTTAA
位点 3854499-3854574	GCCGATATAGCTCAGTTGGTAGAGCAGCGCATTCGTAATGCGAAGGTCGTAGGTTCGACTCCTATTATCGGCACCA
位点 3854499-3854574	GCCGATATAGCTCAGTTGGTAGAGCAGCGCATTCGTAATGCGAAGGTCGTAGGTTCGACTCCTATTATCGGCACCA
位点 3878259-3878335	GGAGCGGTAGTTCAGTCGGTTAGAATACCTGCCTGTCACGCAGGGGGTCGCGGGTTCGAGTCCCGTCCGTTCCGCCA
位点 3878259-3878335	GGAGCGGTAGTTCAGTCGGTTAGAATACCTGCCTGTCACGCAGGGGGTCGCGGGTTCGAGTCCCGTCCGTTCCGCCA
位点 3885517-3885687	ATGGGGGAAGGTTACTCAGTAATTCCTTCTTCTACTAAACGTAAAAACCTGGAAAGTAATCTTAAGGCACAAAATTTACAGCTTGATGCCGAAGATAAAAAAGCGATCGCCGCACTGGATTGCAACGACCGCCTGGTTAGCCCGGAAGGTCTGGCTCCTGAATGGGATTAA
位点 3920261-3920933	ATGGGTATGCTGGAAAGAGAGATGAAAAACCTGGCGCGGCAGGCTGGCGGGGCGCACAAGACTGTCCATGACCGTATCGCCACGGCAGGACGTTTCTGCGAACGACTGATGGAACTGAATATTCAGATACGCTATGTCCGCCATTTAAAGGCGCGACATATTGAAGCGTATATTCAGATGCGGCTGGCGCAGGGTATTCAGAAACAGACGCTGCATAACGAAACGGCGGCTATCCGTAAAATACTGACGCAGGCCGGGCGCGAAAAACTGGCGCAAAGCACTGGAGAAAGGTGATACCCGGCTAACCGTGGTACTCGGCACCAAAGGCGGACGGCCCCGTGATACTCTTATTCAGGATGCTGGCGCAGTTAAACAGGCGCTGGATAATGCCATCGCGGTGACAGAACGGCGCAACGGCAGGCTGATTGATGCGGCGAGCCTTAAACAGGCAATGAAATACTGGCGCAACCAGACTTTGCGTATGGGGCTGACGGGCAAATACTCCCCGCACTCACTGCGCTGCGCCTGGGCGCAGGACGATATCCGCCGGTATCTGGCGCAGGGATTCAGCGAAAAAGAAGCGCTGGCGATGGTGGCAATGGACCTGGGGCATGGCGACGGGCGCGGTCGCTGGGTGAAACAGGTGTATGCACACGAATGGCAGGAGGAATAA
位点 3927345-3927421	GGAGCGGTAGTTCAGTCGGTTAGAATACCTGCCTGTCACGCAGGGGGTCGCGGGTTCGAGTCCCGTCCGTTCCGCCA
位点 3927345-3927421	GGAGCGGTAGTTCAGTCGGTTAGAATACCTGCCTGTCACGCAGGGGGTCGCGGGTTCGAGTCCCGTCCGTTCCGCCA
位点 3927476-3927591	CCTGGCGGCCGTAGCGCGGTGGTCCCACCTGACCCCATGCCGAACTCAGAAGTGAAACGCCGTAGCGCCGATGGTAGTGTGGGGTCTCCCCATGCGAGAGTAGGGAACTGCCAGGC
位点 3927476-3927591	CCTGGCGGCCGTAGCGCGGTGGTCCCACCTGACCCCATGCCGAACTCAGAAGTGAAACGCCGTAGCGCCGATGGTAGTGTGGGGTCTCCCCATGCGAGAGTAGGGAACTGCCAGGC
位点 3930773-3930848	GGGGCTATAGCTCAGCTGGGAGAGCGCCTGCTTTGCACGCAGGAGGTCTGCGGTTCGATCCCGCATAGCTCCACCA
位点 3930773-3930848	GGGGCTATAGCTCAGCTGGGAGAGCGCCTGCTTTGCACGCAGGAGGTCTGCGGTTCGATCCCGCATAGCTCCACCA
位点 3930891-3930967	AGGCTTGTAGCTCAGGTGGTTAGAGCGCACCCCTGATAAGGGTGAGGTCGGTGGTTCAAGTCCACTCAGGCCTACCA
位点 3930891-3930967	AGGCTTGTAGCTCAGGTGGTTAGAGCGCACCCCTGATAAGGGTGAGGTCGGTGGTTCAAGTCCACTCAGGCCTACCA
位点 3939342-3940165	ATGGATAAACCAAAGGCGTACTGCCGCCTGTTTCTCCCCAGCTTTCTTTTACTTTCGGCTTGTACCGTTGATATCAGCCAGCCAGACCCATCAGCCACAGCAGTAGATGCCGAGGCAAAAACATGGGCTGTCAAATTCCAGCATCAAAGCTCTTTCACCGAACAATCAATAAAAGAAATAACGGCACCTGATCTCAAACCCGGCGATTTGCTGTTCTCCTCAAGCCTTGGGGTAACCTCATTTGGAATCCGCGTCTTCAGCACTTCCTCTGTGAGTCACGTTGCAATCTTTCTGGGTGATAATAACGTTGCAGAAGCGACAGGCGCTGGCGTCCAGATTGTTTCCCTTAAAAAAGCGATGAAGCATAGTGATAAGCTTTTCGTCTTACGAGTCCCGGATCTTACCCCGCAACAAGCCACAGATATCACCGCGTTTGCCAATAAAATCAAAGATAGCGGTTATAACTATCGAGGCATTGTCGAATTTATTCCCTTTATGGTGACTCGCCAGATGTGCTCACTGAATCCGTTCTCCGAGGATTTTCGCCAAAGTGCGTCAGCGGCCTGGCGAAAGCGCAGTTAAGCAGTGTGGGCGAAGGAGACAAAAAGTCGTGGTTTTGTTCGGAATTTGTCACGGATGCCTTTGCCAAAGCCGGGCATCCACTTACACTGGCGCAATCGGGCTGGATTAGCCCTGCCGATCTGATGCATATGCGTATTGGTGATGTCTCTGCGTTTAAGCCAGAAACGCAGTTACAGTATGTTGGGCACCTGAAGCCTGGGATTTATATCAAGGCGGGTCGCTTTGTTGGGCTGACTCAGTGA
位点 4003939-4004196	ATGATAAAAATAACGCCACATAAAATAGCGATACTGATGGGAATATTATTATCACCATCAGTATTTGCAACGGATATTAATGTAGAGTTTACAGCCACTGTCAAAGCGACAACCTGTAACATCACACTTACTGGTAATAACGTCACGAATGATGGCAATAATAACTACACATTGAGAATCCCTAAGATGGGTCTGGATAAGATCGCGAATAAAACGACAGAATCTCAGGCTGATTTTAAACTGGTTGCTAGTGGGTGC
位点 4005530-4005844	TGCAGCAGTGGCATCAGTTGGATTGATACCACTCTGACCGGAAATGCATCATCAAGCTCACCTAAGCTTATTATACCGCAGTCTGGTGATTCATCTTCGACGACAAGTAATATCGGTATGGGTTTCAAAAAACGGACTACTGATGATGCCACTTTCCTTAAACCTAACAGTGCGGAAAAGATACGCTGGAGCACAGACGAGATGCAGCCCGATAAGGGTCTTGAAATGACCGTTGCGCTACGTGAAACAGATGCAGGGCAAGGCGTACCGGGGAATTTTCGTGCACTGGCAACGTTTAATTTCATCTATCAATAA
位点 4193620-4193706	GCGAAGGTGGCGGAATTGGTAGACGCGCTAGCTTCAGGTGTTAGTGTCCTTACGGACGTGGGGGTTCAAGTCCCCCCCCTCGCACCA
位点 4193620-4193706	GCGAAGGTGGCGGAATTGGTAGACGCGCTAGCTTCAGGTGTTAGTGTCCTTACGGACGTGGGGGTTCAAGTCCCCCCCCTCGCACCA
位点 4193735-4193821	GCGAAGGTGGCGGAATTGGTAGACGCGCTAGCTTCAGGTGTTAGTGTTCTTACGGACGTGGGGGTTCAAGTCCCCCCCCTCGCACCA
位点 4193735-4193821	GCGAAGGTGGCGGAATTGGTAGACGCGCTAGCTTCAGGTGTTAGTGTTCTTACGGACGTGGGGGTTCAAGTCCCCCCCCTCGCACCA
位点 4193856-4193942	GCGAAGGTGGCGGAATTGGTAGACGCGCTAGCTTCAGGTGTTAGTGTCCTTACGGACGTGGGGGTTCAAGTCCCCCCCCTCGCACCA
位点 4193856-4193942	GCGAAGGTGGCGGAATTGGTAGACGCGCTAGCTTCAGGTGTTAGTGTCCTTACGGACGTGGGGGTTCAAGTCCCCCCCCTCGCACCA
位点 4271699-4271783	GCCGAAGTGGCGAAATCGGTAGACGCAGTTGATTCAAAATCAACCGTAGAAATACGTGCCGGTTCGAGTCCGGCCTTCGGCACCA
位点 4271699-4271783	GCCGAAGTGGCGAAATCGGTAGACGCAGTTGATTCAAAATCAACCGTAGAAATACGTGCCGGTTCGAGTCCGGCCTTCGGCACCA
位点 4332888-4333518	ATGCCTGGGCGCTTTGAACTAAAACCAACTCTGGTGAAAATCTGGCACGCACCAGATAACTTTCGCCTCATGGACCCGTTGCCGCCGATGCATCGCCGGGGAATCATTATTGCGGCAATAGTGCTGATTATCGGTATTCTTCTGCCTGGAGATGAAACACGCCAGATGCCTGTTGTCACCCGCGAAGCGCAGTTAGATATGCAATCACCCCCCCCCAGGTGAAGCACAGCTACAGGCACATTTAGTGACGCCGCAAAACGATCCGGATCAGGTCGCCCCGGTCGCGCCGGAACCTATTCAGGAAGGTCAACCTGAAGAGCCACCTGTTGCAGAGACACAATCTTTCCAACCGGAAAGTGGTATCGATCAACAGTGGCGGACATATCGCGTAGAACCAGGCAAGACCCTTGCCCAGCTGTTCCGCGACCATAATTTGCCGCCTACAGATGTGTACGCTATGGCCCAGGTCGAGGGCGCGGATAAACCGCTCAGTAACCTGCAAAATGGTCAGATTGTTAAAATCCGTCAAAATGCGAATGGGGTGGTTACCGGCTTAACCATTGATACGGGAAATAATCAGCAAGTACTGTTCACCCGCCAACCTGATGGTAATTTCATCCGCGCACGCTGA
位点 4377892-4377967	GCGGGAATAGCTCAGTTGGTAGAGCACGACCTTGCCAAGGTCGGGGTCGCGAGTTCGAGTCTCGTTTCCCGCTCCA
位点 4377892-4377967	GCGGGAATAGCTCAGTTGGTAGAGCACGACCTTGCCAAGGTCGGGGTCGCGAGTTCGAGTCTCGTTTCCCGCTCCA
位点 4378003-4378078	GCGGGAATAGCTCAGTTGGTAGAGCACGACCTTGCCAAGGTCGGGGTCGCGAGTTCGAGTCTCGTTTCCCGCTCCA
位点 4378003-4378078	GCGGGAATAGCTCAGTTGGTAGAGCACGACCTTGCCAAGGTCGGGGTCGCGAGTTCGAGTCTCGTTTCCCGCTCCA
位点 4378115-4378190	GCGGGAATAGCTCAGTTGGTAGAGCACGACCTTGCCAAGGTCGGGGTCGCGAGTTCGAGTCTCGTTTCCCGCTCCA
位点 4378115-4378190	GCGGGAATAGCTCAGTTGGTAGAGCACGACCTTGCCAAGGTCGGGGTCGCGAGTTCGAGTCTCGTTTCCCGCTCCA
位点 4408632-4408707	GCCCGGATAGCTCAGTCGGTAGAGCAGGGGATTGAAAATCCCCGTGTCCTTGGTTCGATTCCGAGTCCGGGCACCA
位点 4408632-4408707	GCCCGGATAGCTCAGTCGGTAGAGCAGGGGATTGAAAATCCCCGTGTCCTTGGTTCGATTCCGAGTCCGGGCACCA
位点 4418387-4418674	AAATCGCGCCAGTTCGCCCGGATGTTGGGACTTGAACCGAAGAACACGGCGGTGCGGAGTCCGGAGAGTAACGGCATAGCAGAGAGCTTCGTGAAAACGATAAAGCGTGATTACATCAGTATCATGCCCAAACCAGACGGGTTAATGGCAGCAAAGAACCTTGCAGAGGCGTTCGAGCATTATAACGAATGGCATCCGCATAGTGCACTGGGTTATCGCTCGCCACGGGAATATCTACGGCAGCGGGCCAGTAATGGGTTAAGTGATAACAGGTGTCTGGAAATATAG
位点 4418663-4419024	GTGGCTTCTGTTTCTATCAGCTGTCCCTCCTGTTCAGCTACTGACGGGGTGGTGCGTAACGGCAAAAGCACCGCCGGACATCAGCGCTATCTCTGCTCTCACTGCCGTAAAACATGGCAACTGCAGTTCACTTACACCGCTTCTCAACTCGGTACGCACCAGAAAATCATTGATATGGCCATGAATGGCGTTGGATGCCGGGCAACAGCCCGCATTATGGGCGTTGGCCTCAACACGATTTTACGTCACTTAAAAAACTCAGGCCGCAGTCGGTAACCTCGCGCATACAGCCGGGCAGTGACGTCATCGTCTGCGCGGAAATGGACGAACAGTGGGGCTATGTCGGGGCTAAATCGCGCCAG
位点 4419074-4419784	ATCACCCGCTTTGAAGTGAACAATAACCAGGGTCGTTTCGTATTTCCGGATACCTGGTTTGGCCCATTACTGGGGGAGTTTGAAGAAGTGCTTGATGCATACGACACTGATGAAATCAGTGAGACGGGTTATATCAACAAACTCAGACGCCTTGCTCAACAGGAGCCTGACTTTATTGATATACACGCTCATCTGGCATATGCATTTCTGGAGCAGAATGCCCCGCGTAAGGCACTGAACGCCGCTCTTAAAGGACTGGCGGCAGGTAATCGTCTCATCCCGGAAAGTTTCAGTGGTGAAATCATCTGGATGCATCCCGAAAACCGGCCTTATCTGCGCGCACTTTATGCAGCAATTCTCGCAAATGTGCACTTACAGCGTCATCAGGATGCGGTTATGCTTACTGATAAAATACTGGCATACAATCCTGAAGATAATCAGGGTGCCCGCTGGTTGTTGGGCTCAGAACTGTTACGAACAGGCGATCATAAGCAAGCCTTCAGTGTACTGAAAGAGCATGCTGATGAATTTTCACCTTACTGGTATGAACTTGGTCTTCTGCATTTTCTGAATGGGGAGCATGTTAAGGCTGCCACAGCTTTTCGTCATGGCTTTGCTACAAACACTTACATCGCGGAAATGCTGTGCGGAAATTTGCATCCATTTCCACTTGCTGTGCGGCATAACTTCTCCGGCTCTCTGGATACTGCG
位点 4419782-4419883	GCGTATTCCGCTCTATTCGATCACGGATTGGCATCGAAGTCCGATCAGCGATTCGCATCCATTCGATCAACCGGGAACTTAACTTTTTCTACCGCTTTTTAA
位点 4422421-4422753	GATACGGCAGAAGATTACTATGCAACATACTCACCATTATGGGGACAATATCCGGAAGCATTGCTGTTTGTAAACTGGCTCTATAACCATTCCTCTGTGCTGCATGAACGAGCAGAAATCATTAAATGCGCCGAAATGCTGATGCAGGAAGATGATTTCGAAATATGCGAAAGCATTTTAAGACAGCAGAAGCTGTTGCGGGAAAGAATTGATGAGACACTTTCTGAGGAAATTGTACAGAAATGCAGAAATATTAACGGTGAATATGTCTGGCCCTGGATATTGCCGTTTTCAGCAGCAGGAATGAAACACTCAAGCATCCAGCATCAATAG
位点 4442459-4443220	ATGAGTCAGAAATACCTCATTCGGATCACTGAGCTGGAAAGGTTGCTCTCTGAGCAGGCTGAAGCCCTCCGTCAGAAAGACCAACAACTGAGTCTGGTTGAAGAGACGGAGGCCTTCCTGCGTTCTGCGCTGGCACGTGCCGAAGAAAAGATCGAAGAAGATGAGCGGGAAATAGAGCATCTGCGGGCCCAGGTGGAAAAACTGCGCCGGATGCTGTTCGGTACCCGTTCTGAAAAACTGCGTCGTGAAGTTGAACAGGCTGAAGCCCTGCTGAAACGACGCGAACAGAACAGCGATCGTTACAGCGGGCGTGAGGATGACCCGCAGGTTCCCCGCCAGTTGCGACAGTCGCGTCATCGTCGCCCGTTACCGGCGCATCTGCCCCGCGAAATAAACCGCCTGGAGCCAGAAGAAAGCTGTTGCCCGGAGTGTGGTGGTGAGCTGGATTATCTGGGGGAAGTCAGCGCAGAACAACTGGAACTGGTGAGCAGCGCCCTGAAAGTGATCCGCACAGAACGGGTAAAAAAAGCCTGTACAAAATGTGACTGCATCGTTGAAGCACCGGCACCGTCCCGTCCGATAGCGCGTGGTGTCGCGGGCCCGGGGTTACTTGCCCGCGTGTTAACGGGAAAATACTGCGAACACCTGCCACTGTATCGTCAGAGTGAAATCTTTGCCCGTCAGGGTGTCGAACTGAGCCGTGCGTTACTCTCCAACTGGGTTGACGAGCTCCTGCCATGGAACGTAGCACTCACCAATAAA
位点 4447882-4447984	GTTGGACGTCAGATGAGTCATCAGGAACGTAAAAAAGTACGGGCTGCTTATATCCATAAAGTGGAACATTTGAAAGATGCAGCGACTGATGTTGCAATGGTGA
位点 4448145-4448441	TGCCGCGCATTGGATCAATGAGCCTTTGAGCATAGTGTCGAGTTGCGTTTAATCCAGCCGGGCAAGCCAACGCAGAACGGATTTATTGAGAGCTTTAACGGACGATTTCGCGATGAATGCCTGAATGAGCACTGGTTCAGCGATATCGTTCACGCTAGGAAAGTGATTAATGACTGGCGGCAGGATTATAACGAGTGTCGGCCACATTCAGCACTGAATTATCAGACGCCATCAGAGCTTGCAGCACTATGGCGAAATGGAAAATGTGAAGGTAACCAAACCGACATTACTAACTGA
位点 4456706-4456861	AAGATGCGAACACCACATCTTGTGCCACTCAGCAAACAGGCTGTAGCCATACTGATAAAACTTCAGACATGGGCAGTTGAAAATGGTCTGGTCTTTACGGGAGCACATGACCCGCGTAAACCAATCAGCGAAAACACCGTAAATAAGGCCCTTAGG
位点 4456898-4457570	GGCTATCGTCGTGTCCGGGCTATTCTCAGACGGCAGTCTTAACGAAGGACTGCAGTTCGTGAATGCAAATCGCGTTTATCGAATAATGAGCGAGAATAACCTGTTGTTATTACATGACAAACCTTCACGACCGCAGAGGGAACATAAAGGCCCGAATATCGGTGAAGGAAAGCGACCCGCGCTGGTGTGCCGATGGCTTTGAGTTCGGTTGTGATGATGACGAAAAACTGCGTGTCACGTTCGCACTGGACTGTTGCGATCTTGAATCCATAGACTGGGCCGCAAGCACGGGAGGTTATGGCAAAGCAACGGTGCAGGATGTCATGTCAGGAGCGATAGAAAAACGCTTTGGCGATAGACCGGGATGGCCCATCCAGTGGCTGACCGATAACGGTTCGGCTTATACAACTCATGAAACACGGCAGTTCGCCAGAGAGTTGAATCTGGAGCTCTGCACGACGGCAGTCAGTAGCCCTCAGAGTAATGGAATGAGAGAACGGTTCGTGAAAACGATGAAGAGCGATTACATCAGTATCATACCTAAACCGGACGTGTTAACGGCAGTAAAAAACCTTGCGGAGGCGTTCGAACACTATAACGAATAGCATCCTCATGGTGCCTTGGTTATCTCTCACCGAGGGAATATCAACGTCACTCGGTAACGTTAACTTAA
位点 4458415-4459289	ATGAATATCCGTATCTGGAGTGGTATACTCCCCTGTATGGATATCTCCGCTCTCAACACCACGAATGACATCGAAAAACTGCGTGCTATGGCACTTACCATGGTACAAAAAGTCATGTCGGAGAATGCCGAAAAAGAGCGGGAATTACTGGAGAAAAGCCGGCGCATCCAGCTTCTGGAAGAAATGCTGAAACTGGTTCGTCAACAGCGCTTCGGTAAAAAATGTGAAACGCTGGCTGGTATGCAACGCTCCCTGTTCGAAGAGGATGTTGATGTCGATATCGCCGCGCTTACCGCACATCTGGATAAACTGCTCCCGCAATCCCCTGAAGAAGACGAAAAAGCGTCCCGTTCACGCCCGATACGCAAACCCTTACCGGCTCATCTTCCACGGGTGGAAAAAATTATCCAGCCGGACACTGACCATTGCCCTGAATGTGACGAGCCGCTGCACTATATCCGTGATGCGGTGAGTGAAAAGCTGGAGTATATTCCCGTTCACTTCGTGGTGAACCGTTATGTCCGTCCGCAATACAGTTGTTCCTGTTGCCAGAAGGTGTTCAGCGGTGAAATGCCGGCACATATCCTCCCGAAAAGTGCCGTTGAGCCATCAGTCATCGCACAGGTGATCATCAATAAATACGGTGACCACCTGCCTCTGTATCGCCAGCAACAGGTCTTTGCCCGTTCAGTGTCGGGCTGCCCGTCAGTTCGATGGCTGACATGGTTGGCGCGGCGGGTGCCGCATTATCTCCCCTGGCGGCGTTACTCCATCGCGAGTTGATAAACCGTCCGGTGGTGCATGCAGATGAGACTACCCTGAAGATCCTGAACACTAAGAAAGGCGGTAAATCCTGCTCCGGTTATCTGTGGGCA
位点 4470711-4471541	ATGTCATTCAGCCATTCTTCCCTCTCTGCACAAGTAAAATCATATCTGACGTTTCTTCCTGAAGAAATTCGCCAGAAAATCCTTGAACATCTCCACGGTGTTATTCATTACGAGCCCGTAATTGGCATTATGGGTAAATCCGGCACCGGCAAAAGCAGTCTGTGTAATGCCATTTTTCAGTCCCGTATCTGCGCCACGCATCCCCTGAACGGCTGCACCCGCCAGGCTCATCGTCTTACCCTGCAGCTCGGTGAACGCAGAATGACGCTGGTCGATATGCCCGGCATTGGTGAGACACCGCAGCATGATCAGGAATACCGGGAGCTTTACCGTCAGTTACTGCCGGAACTGGATCTGATTATCTGGATCCTGCGGGCTGATGAACGTGCGTATGCTGCTGATATTGCCATGCATCAGTTTTTACTGAATGAAGGTGCAGATCCCTCGCGTTTTCTGTTTGTTCTCAGCCATGCCGATCGCGTGTTTCCTGCTGAAGAATGGAACGACACAGAAAAATGCCCGTCCCGTCAGCAGGAACTCTCACTGGCGACAGTAACAGCCCGGGTGGCAACCCTGTTCCCGTCATCATTTCCGGTACTCTCCGTTGCCGCACCTGTCGGCTGGAATCTTCCGGCACTGGTGTCGCTGATGATCCACGCACTGCCACCACAGGCAACCAGCGCAGTTTATTCACATATCCGGGGGGAAAACCGCTCTGAACAGGCCCGGAAACACGCACAACAAACTTTTGGTGACGCCATCGGGAAAAGCTTTGACGCTGCCGTTGCCCAATTCAGCTTTCCGGCCTGGATGTTACAGCTTCTGCGTAGA
位点 4508000-4508116	ATGGCAAAGCCAAAATATTCTCTCGAAACCAGATTAGCTGTTGTTAATCATTATCTTGCCGGACACGATGGCGCACGTCGTACCGCTGAACGTTTTGGTGTTGAAGAAACATCAGTG
位点 4514596-4515347	ATGCATGCTCAAACTAGTCGGACTAAATGCACCTTTTCCCCGGAGTTCAGGCTCGAAGCTATCGAGCAAGTGGTTAAATACCAGCGCGATGTCAGAGAAGTCGCGCTGGCACTTGAGCTCAACCCTGGCCATTTGCGCAAATGGATACGTCTGTATAAGCAAGAACTTCAGAGTATTGAGCCCCCTGGTAATGCCATTACCCCTGAACAGCGAGAAATTCAGCAGATTAAAGCGCAGATAAAGCGTCTTGAGATGGAAAAAGAAATCCTGAAGCAAGTTGCCGTGCTGATGAGCGAAATCCCCGGCAAGCTGTCGCACTAATCACACGGCTGAAAGCAAAGTGGTCAGTGCGGATTCTTTGTCATTTATTCGGTGTTCACCGTAGCGTTTATTACGCGCAGGTGAAGCGTCCTGTTAATGTGCAAAGAATTGAATTACGAAGCCGAATGAGGGCTTTTCATGCTCTCAGTCGTGGCGCTGCCGGTAGTCGGACAATTAGCCAGATGTTGCGCCAGAGTGGTGTTAATGCAGGCCGGTGGCTGGCACGACAACTGATGCGGGAATGTGGGCTGACAAGTCGACAGCCGATTAAACATCGCTACCGGGTAAACGAAGACAACAGTCCGCCATTGCCAAACTTACTGAACCGGCAGTTTAACCCCACCGCACCAAACCGCGTCTGGTGCGGCGACATCAGCTTTATTCACCTGCGGGACAGATGGTGTCATCTCGCGCTTGTTGTTGATCTATAT
位点 4599550-4600541	ATGTTGAAGATAATACCCGGTGCAACTGGATACTTTAATAAAACACTCAATTCAAATCAATTCGATAATGAAGATGCAATCAAAGATAAATTAGATAATAGAGGTTCAATCAAAGGTAAATTAAATAATATATATGGTAAATCTATTGATTATGCAGCGCTGCGTCATCGGGATATAATTATTGCAAAAATAGATTTGTTTATTCAACGAATCACGCATAATTTATGGCATGCACGTGAAAAAATGTGTTTTTAATTGAGCAAATAAATGATCTCAAAATGTGGGTCAATAAGTATATTGACGATTGCACTGATGAGGATTTAAACGATCGTGACTTTATTGCATCAGTTGTTGACCGGGCTATTTTTCATTTCGCGATTAATAGTATATGTAATCCTGGGGATAATAAAGATGCGACTCCCATTGAACGATGTACTTTTGATGTAGAAACTAAGAATGACCTTCCCTCCACGGTTCAGCTATTTTATGAGGAATCTAAGGATAATGAACCTTTAGCGAATATACATTTTCAAGCAATAGGTTCTGGTTTTTTAACGTTTGTTAATGCCTGCCAGGAACATGATGACAACAGCTTAAAATTATTTGCTTCGCTGTTAATTTCACTTTCATATTCTAGTGCCTACACAGATTTAGCCGGAGCAGAAAAAGTGAATATTAATGAATATAATGAGAACTATCTGACAGCTCAGTTTGAAGAATTATCTCAACGTGATATGAAGAAGTACCTGGGAGAGATGAAGCATCTGGCTGATGGGGGAGAAATGAATTTTGATGGCTATCTGGATAAGATGTCACATCTGGTGAATGAAGGAACGCTCGATCCTGATATTTTAAGCAAAATGCGAGATGCTGCACCACAATTAATTAGCTTCGCGAAGTCGTTTGACCCAACCTCAAAGGAAGAGATTAAAATACTTACAGACACTTCTAAATTAATTTATGATTTATTCGGGGTTAAATCGGCGAAATAA
位点 4649817-4649932	CCTGGCGGCCGTAGCGCGGTGGTCCCACCTGACCCCATGCCGAACTCAGAAGTGAAACGCCGTAGCGCCGATGGTAGTGTGGGGTCTCCCCATGCGAGAGTAGGGAACTGCCAGGC
位点 4649817-4649932	CCTGGCGGCCGTAGCGCGGTGGTCCCACCTGACCCCATGCCGAACTCAGAAGTGAAACGCCGTAGCGCCGATGGTAGTGTGGGGTCTCCCCATGCGAGAGTAGGGAACTGCCAGGC
位点 4653124-4653199	GTCCCCTTCGTCTAGAGGCCCAGGACACCGCCCTTTCACGGCGGTAACAGGGGTTCGAATCCCCTAGGGGACGCCA
位点 4653124-4653199	GTCCCCTTCGTCTAGAGGCCCAGGACACCGCCCTTTCACGGCGGTAACAGGGGTTCGAATCCCCTAGGGGACGCCA
位点 4687123-4687198	GCTGATATAGCTCAGTTGGTAGAGCGCACCCTTGGTAAGGGTGAGGTCGGCAGTTCGAATCTGCCTATCAGCACCA
位点 4687123-4687198	GCTGATATAGCTCAGTTGGTAGAGCGCACCCTTGGTAAGGGTGAGGTCGGCAGTTCGAATCTGCCTATCAGCACCA
位点 4687205-4687279	GCGGGCATCGTATAATGGCTATTACCTCAGCCTTCCAAGCTGATGATGCGGGTTCGATTCCCGCTGCCCGCTCCA
位点 4687205-4687279	GCGGGCATCGTATAATGGCTATTACCTCAGCCTTCCAAGCTGATGATGCGGGTTCGATTCCCGCTGCCCGCTCCA
位点 4687396-4687480	GGTGGGGTTCCCGAGCGGCCAAAGGGAGCAGACTGTAAATCTGCCGTCACAGACTTCGAAGGTTCGAATCCTTCCCCCACCACCA
位点 4687396-4687480	GGTGGGGTTCCCGAGCGGCCAAAGGGAGCAGACTGTAAATCTGCCGTCACAGACTTCGAAGGTTCGAATCCTTCCCCCACCACCA
位点 4687489-4687564	GCCGACTTAGCTCAGTAGGTAGAGCAACTGACTTGTAATCAGTAGGTCACCAGTTCGATTCCGGTAGTCGGCACCA
位点 4687489-4687564	GCCGACTTAGCTCAGTAGGTAGAGCAACTGACTTGTAATCAGTAGGTCACCAGTTCGATTCCGGTAGTCGGCACCA
位点 4691198-4691313	CCTGGCGGCCGTAGCGCGGTGGTCCCACCTGACCCCATGCCGAACTCAGAAGTGAAACGCCGTAGCGCCGATGGTAGTGTGGGGTCTCCCCATGCGAGAGTAGGGAACTGCCAGGC
位点 4691198-4691313	CCTGGCGGCCGTAGCGCGGTGGTCCCACCTGACCCCATGCCGAACTCAGAAGTGAAACGCCGTAGCGCCGATGGTAGTGTGGGGTCTCCCCATGCGAGAGTAGGGAACTGCCAGGC
位点 4694505-4694580	GTCCCCTTCGTCTAGAGGCCCAGGACACCGCCCTTTCACGGCGGTAACAGGGGTTCGAATCCCCTAGGGGACGCCA
位点 4694505-4694580	GTCCCCTTCGTCTAGAGGCCCAGGACACCGCCCTTTCACGGCGGTAACAGGGGTTCGAATCCCCTAGGGGACGCCA
位点 4826214-4826329	CCTGGCGGCCTTAGCGCGGTGGTCCCACCTGACCCCATGCCGAACTCAGAAGTGAAACGCCGTAGCGCCGATGGTAGTGTGGGGTCTCCCCATGCGAGAGTAGGGAACTGCCAGGC
位点 4826214-4826329	CCTGGCGGCCTTAGCGCGGTGGTCCCACCTGACCCCATGCCGAACTCAGAAGTGAAACGCCGTAGCGCCGATGGTAGTGTGGGGTCTCCCCATGCGAGAGTAGGGAACTGCCAGGC
位点 4829511-4829586	GGGGCTATAGCTCAGCTGGGAGAGCGCCTGCTTTGCACGCAGGAGGTCTGCGGTTCGATCCCGCATAGCTCCACCA
位点 4829511-4829586	GGGGCTATAGCTCAGCTGGGAGAGCGCCTGCTTTGCACGCAGGAGGTCTGCGGTTCGATCCCGCATAGCTCCACCA
位点 4829629-4829705	AGGCTTGTAGCTCAGGTGGTTAGAGCGCACCCCTGATAAGGGTGAGGTCGGTGGTTCAAGTCCACTCAGGCCTACCA
位点 4829629-4829705	AGGCTTGTAGCTCAGGTGGTTAGAGCGCACCCCTGATAAGGGTGAGGTCGGTGGTTCAAGTCCACTCAGGCCTACCA
位点 4884765-4884841	CGGCGAGTAGCGCAGCTTGGTAGCGCAACTGGTTTGGGACCAGTGGGTCGGAGGTTCGAATCCTCTCTCGCCGACCA
位点 4884765-4884841	CGGCGAGTAGCGCAGCTTGGTAGCGCAACTGGTTTGGGACCAGTGGGTCGGAGGTTCGAATCCTCTCTCGCCGACCA
位点 4884884-4884970	GCGAAGGTGGCGGAATTGGTAGACGCGCTAGCTTCAGGTGTTAGTGTCCTTACGGACGTGGGGGTTCAAGTCCCCCCCCTCGCACCA
位点 4884884-4884970	GCGAAGGTGGCGGAATTGGTAGACGCGCTAGCTTCAGGTGTTAGTGTCCTTACGGACGTGGGGGTTCAAGTCCCCCCCCTCGCACCA
位点 4884991-4885066	GTGGCTATAGCTCAGTTGGTAGAGCCCTGGATTGTGATTCCAGTTGTCGTGGGTTCGAATCCCATTAGCCACCCCA
位点 4884991-4885066	GTGGCTATAGCTCAGTTGGTAGAGCCCTGGATTGTGATTCCAGTTGTCGTGGGTTCGAATCCCATTAGCCACCCCA
位点 4885125-4885201	GCGCCCGTAGCTCAGCTGGATAGAGCGCTGCCCTCCGGAGGCAGAGGTCTCAGGTTCGAATCCTGTCGGGCGCGCCA
位点 4885125-4885201	GCGCCCGTAGCTCAGCTGGATAGAGCGCTGCCCTCCGGAGGCAGAGGTCTCAGGTTCGAATCCTGTCGGGCGCGCCA
位点 4920545-4920620	AGGGGCGTAGTTCAATTGGTAGAGCACCGGTCTCCAAAACCGGGTGTTGGGAGTTCGAGTCTCTCCGCCCCTGCCA
位点 4920545-4920620	AGGGGCGTAGTTCAATTGGTAGAGCACCGGTCTCCAAAACCGGGTGTTGGGAGTTCGAGTCTCTCCGCCCCTGCCA
位点 4920629-4920705	GGAGCGGTAGTTCAGTCGGTTAGAATACCTGCCTGTCACGCAGGGGGTCGCGGGTTCGAGTCCCGTCCGTTCCGCCA
位点 4920629-4920705	GGAGCGGTAGTTCAGTCGGTTAGAATACCTGCCTGTCACGCAGGGGGTCGCGGGTTCGAGTCCCGTCCGTTCCGCCA
位点 4920760-4920875	CCTGGCGGCCTTAGCGCGGTGGTCCCACCTGACCCCATGCCGAACTCAGAAGTGAAACGCCGTAGCGCCGATGGTAGTGTGGGGTCTCCCCATGCGAGAGTAGGGAACTGCCAGGC
位点 4920760-4920875	CCTGGCGGCCTTAGCGCGGTGGTCCCACCTGACCCCATGCCGAACTCAGAAGTGAAACGCCGTAGCGCCGATGGTAGTGTGGGGTCTCCCCATGCGAGAGTAGGGAACTGCCAGGC
位点 4924067-4924142	GTCCCCTTCGTCTAGAGGCCCAGGACACCGCCCTTTCACGGCGGTAACAGGGGTTCGAATCCCCTAGGGGACGCCA
位点 4924067-4924142	GTCCCCTTCGTCTAGAGGCCCAGGACACCGCCCTTTCACGGCGGTAACAGGGGTTCGAATCCCCTAGGGGACGCCA
位点 4975266-4975763	CTTGTTTCCCTTGAACATGGTGTTACGTTAGCGAAAACAGAAGCTGAACACGTTTACCGTGCAGAAGTCGCTCGGCTGTTCGATTCAGAACTGGAAGCCATCGAAGGGGCTGGAGCGCTCCTGTCAGCGATCACTGCGCCAATGTGTGTGGTATCTAACGGCCCAAATAACAAAATGCAGCATTCTATGGGCAAGCTGAATATGTTGCACTACTTCCCGGATAAACTGTTCAGCGGCTACGATATTCAGCGCTGGAAGCCAGACCCGGCGTTAATGTTCCATGCGGCAAAAGCGATGAATGTAAATGTAGAAAACTGCATTCTGGTTGATGACTCAGTTGCCGGTGCGCAATCTGGTATCGACGCAGGTATGGAAGTGTTCTACTTCTGCGCCGACCCGCACAATAAGCCGATCGTTCACCCGAAAGTCACCACCTTTACCCATCTTTCGCAGTTACCGGAACTGTGGAAAGCGCGTGGTTGGGATATTACGGCATAG
位点 4975778-4976475	GTGGCTTCCATCTCCATCAGTTGTCCCTCCTGCTCAGCTACTGAAGGCGTGGTGCGTAACGGTAAAAGTACTGCCGGACATCAGCGCTATCTCTGCTCTCACTGCCGTAAAACATGGCAACTGCAGTTCACTTACACCGCTTCTCAACCCGGTACACACCAGAAAATCATTGATATGGCCATGAATGGTGTTGGATGCCGGGCAACCGCCCGCATTATGGGCGTTGGCCTCAACACGATTTTACGTCACTTAAAAAACTCAGGCCGCAGTCGGTAACCTCGCGCATACAGCCGGGCAGTGATGTGATTGTCTGCGCTGAAATGGACGAACAGTGGGGCTACGTCGGTGCTAAATCACGTCAGCGCTGGCTGTTTTACGCGTATGACAGGATACGGAGGACGGTTGTGGCGCACGTCTTCGGTGAACGCACTCTGGCCACACTGGAGCGTCTTCTGAGCCTGCTGTCGGCCTTTGAGGTCGTGGTATGGATGACGGATGGCTGGCCGCTGTATGAATCCCGCCTGAAGGGAAAGCTGCACGTAATCAGCAAGCGTTACACTCAGCGCATTGAGCGACATAACCTGAATCTGAGACAACATCTGGCAAGGCTGGGACGGAAGTCACTGTCGTTCTCAAAATCGGTGGAGCTGCATGACAAAGTCATCGGGCATTATCTGAACATAAAACACTATCAGTAA
位点 4976532-4976708	ATGTCCCAGATAGAAGCGGTATTTTTCGACTGCGACGGTACGCTGGTCGACAGTGAAGTCATTTGCTCCCGCGCATATGTAACGATGTTTCAGGAATTTGGTATTACGCTCGATCCTGAAGAGGTATTCAAACGTTTCAAAGGTGTAAAACTGTACGAAATTATCGATATTGTTTCC
位点 4979760-4980719	ATGAAGAAATCCATCACCACGCTTGATCTCAATCTGCTGCTCTGTCTGCAACTGCTGATGCAGGAGCGCAGCGTGACCAAAGCGGCGAAGCGGATGAACGTGACCCCTTCAGCGGTGAGTAAGTCGCTGGCAAAGTTAAGAGCGTGGTTTGACGACCCGCTCTTTGTGAACTCACCGCTGGGCCTGTCGCCCACACCGCTAATGGTCAGCATGGAGCAAAATCTGGCGGAATGGATGCAAATGAGCAATCTGCTGCTGGATAAACCGCACCACCAGACACCGCGCGGCCTGAAGTTTGAGTTGGCGGCGGAATCGCCGCTGATGATGATCATGCTTAATGCGCTGTCGAAACGGATCTACCAACGTTACCCGCAGGCGACCATCAAACTACGTAACTGGGATTACGATTCCTTAGATGCCATTACTCGTGGTGAAGTGGATATTGGTTTTTCCGGTCGCGAAAGCCATCCTCGCTCGCGGGAGCTGTTAAGCTCGCTACCGTTAGCCATTGATTATGAAGTGCTGTTTAGTGATGTACCCTGCGTCTGGTTACGCAAAGATCATCCGGCACTGCATGAAACGTGGAATCTGGACACCTTTTTACGTTATCCGCATATCAGCATTTGCTGGGAACAGAGCGACACCTAGGCGCTGGACAATGTGTTACAGGAGCTGGGGCGCGAACGCACGATTGCTATGAGCCTGCCGGAATTTGAGCAGTCACTGTTTATGGCAGCGCAACCCGACAATCTGCTACTGGCGACCGCGCCGCGCTACTGTCAGTACTACAATCAACTCCATCAACTGCCGTTGGTTGCTCTTCCTCTCCCGTTTGACGAAAGCCAGCAAAAAAAGCTGGAAGTTCCTTTTACCCTGCTGTGGCATAAACGGAACAGCCATAATCCGAAGATCGTCTGGTTACGGGAAACCATTAAAAACCTTTACGCGTCGATGGCATAA
位点 2649-2956	CGGTGAAAAATCCGGGTTCGTTGTGAAAGCATCCCCAGTCGAGGAATGCTCTTCTGTATTTGGGGCCGCCGTTGAGTAAAGTAAACCCTTCTGGCGTTATCAGCTGCATTGGCATCAGGTGCGCCAGTTCCGCGACTTTATGCCCGTCAGTACCGTCGATGCGGACTTTGCTGTCGCCCTGTTTGTCCTTGGTTAAGCCAATCGCCGTCTCGCGCTCTTCGCCCTGTAATCGCCCATGGAGAACAAATGCCTCCTGCTCATGGCGAATGACGCGACCAATCTGCAAACTGCGAAACGCCCGACCATGG
位点 4650-4778	CAGCGGTTGAACAGCAGATGAACGAACTGCTGGCAGAATACCTGCTGGAAAACCCAACCGACGCGAAAATCGTGGTTGGCAAAATTATCGATGCTGCCCGTGCCCGTGAAGCGGCGCGTCGCGCGCGTG
位点 5049-5745	GTGACGAGTACAACCCGGACAAACTGCGTTATCACAGCATCATCATCATGACCGATGCGGACGTCGACGGCTCGCACATTCGTACGCTGCTGTTGACCTTCTTCTATCGTCAGATGCCGGAAATCGTTGAACGCGGTCACGTCTACATCGCTCAGCCGCCGCTGTACAAAGTGAAGAAAGGCAAGCAGGAACAGTACATTAAAGACGACGAAGCGATGGATCAGTACCAGATCTCTATCGCGCTGGATGGCGCAACGCTGCACACCAACGCCAGCGCACCGGCATTGGCTGGCGAAGCGTTAGAGAAATTGGTGTCTGAGTACAACGCGACGCAGAAAATGATCAACCGCATGGAGCGTCGTTATCCGAAAGCAATGCTGAAAGAGCTTATCTATCAGCCGACGCTGACGGAAGCCGACCTCTCTGATGAGCAGACCGTTACCCGCTGGGTGAACGCGCTGGTCAGCGAACTGAACGACAAAGAACAGCACGGCAGCCAGTGGAAGTTTGATGTCCACACCAATGCCGAACAAAACCTGTTTGAACCGATTGTTCGCGTGCGTACCCACGGTGTGGATACTGACTATCCGCTGGATCACGAGTTTATCACCGGTGGCGAATATCGTCGTATCTGCACGCTGGGTGAGAAACTGCGTGGCTTGCTGGAAGAAGATGCGTTTATCGAACGTGGCGAGCG
位点 6358-6704	ATTCAGGTGCTGCTGGAAAAACTGCAAAGTGGCGGCTTAGGGGCCATTCTCTCAACCTGGCTGAGTAATCAACAGGGCAATCAATCGGTTAGTGGCGAGCAACTGGAATCGGCGCTCGGCACAAATGCGGTGTCCGATCTTGGACAAAAACTTGGCGTGGATACCAGTACAGCTTCCAGTTTACTGGCAGAACAATTGCCGAAGATTATTGATGCGCTCTCACCGCAAGGTGAAGTGTCTCCACAAGCCAATAACGATCTGCTTTCCGCAGGCATGGAACTGCTGAAAGGGAAACTCTTCCGCTAAGCAAATGGGGAGCATGCAACCCGCGTTGCATCCCCCTTTTC
位点 7029-7449	GCAAACCGCTCTCAGCTATGACGACTACCGTTTCCTGGAAAAACTCTCTCGCGAAGTCGGTTCTCATTTCCACGCCCTGGACCGCACCACGCTGTATACAGCAAATCGCGATATCAGCTACTACACGGTGCATGAATCCTTCGTTGCCACCATTCCGCTGGTGTTCTGCGAAGCGGAGAAAATGGACCCCAATACCCAGTTCCTGAAAGTGATGATGATTGATGAACCCGCCATCCTCGACCAGGCTATTGCGCGTATTCCGCAGGAAGTGAAAGAGAAATATACCGTGCTGAAAAGTGCGCCGTACTTCCTCGAAATCCTCGATAAACGCGTTAACAAGGGTACGGGTGTGAAATCACTGGCCGACGTGTTAGGTATTAAACCGGAAGAAATCATGGCGATTGGCGATCAGGAAAACGAC
位点 8785-9200	CCAGTGGAATTACCTCGACACTGACGTACTGCAATGGGTGCTGGAAAACGACTACGACCCACGGCTTATCAGTGCCATGAGCGAAGTGCGAAATCTGGTGGAACCGGCGATTGCCCGTTGGGCAGCAGAGCGCGCGACTTCCAGCGATCTGGCGCAGATTGAATCGGCGCTGAACGAGATGATTGCCAACAATCAGGACCGCGAAGCGTTTAACGAAGCGGATATTCGCTACCACGAGGCGGTGCTGCAGTCGGTACATAACCCGGTGTTACAGCAACTTAGCATTGCGATCAGTTCGTTGCAGCGGGCGGTTTTTGAACGAACCTGGATGGGCGATGAGGCCAACATGCCGCAAACGCTCCAGGAACATAAGGCGCTGTTCGATGCGATACGGCATCAGGACGGCGATGCGGCAG
位点 9218-9578	ATGATCGCCAGCTCGACACGAAGGTTAAAGGAAATCACATGACAGCTCGCTACATCGCAATTGACTGGGGATCGACCAATCTTCGCGCCTGGCTTTATCAGGGCGACCACTGCCTGGAGAGCAGGCAATCAGAAGCAGGCGTCACGCGCCTGAACGGAAAATCTCCGGCTGCGGTGTTAGCAGAAGTCACGACCGACTGGCGTGAAGAGAATACGCCAGTGGTAATGGCAGGAATGGTCGGCAGCAATGTCGGCTGGAAAGTTGCTCCGTATTTATCTGTTCCTGCCCGTTTTTCGTCTATTGGCGAACAATTAACGTCTGTTGGCGACAATATCTGGATTATTCCCGGATTATGCGTCTC
位点 9575-9811	TCTCTCATGACGATAACCACAATGTGATGCGCGGCGAAGAAACACAATTGATCGGCGCGCGAACTCTGGCTCCTTCCTCTCTTTATGTTATGCCCGGTACGCATTGCAAATGGGTGCAGGCCGATAGCCAGCAAATCAACGATTTTCGCACCGTGATGACCGGTGAACTACATCATTTACTGTTAAATCACTCATTGATTGGCGCAGGTTTGCCGCCGCAGGAAAACTCTGCCGATG
位点 9847-10373	CCCGCCATATTGCCGCAGCTTTTTGAAGTTCGCGCCTCGCATGTGCTGGGAACACTTCCCCGCGAACAGGTCAGCGAATTTCTCTCTGGTTTGTTGATTGGCGCAGAGGTTGCCAGTATGCGCGACTATGTGACCCATCAACACGCCATCACCCTTGTCGCCGGAACATCGCTGACCGCGCGCTACCAGCAAGCCTTTCAGGCGATGGGTTGCGACGTGACGGCGGTGGCGGGCGACACGGCATTTCAGGCTGGTATAAGGAGCATCGCTCATGCAGTGGCAAACTAAACTTCCGCTGATCGCCATTTTGCGCGGCATTAAGCCCGACGAGGCGCTGGCGCATGTTGGCGCGGTGATTGACGCCGGGTTCGACGCGGTTGAAATCCCGCTGAATTCCCCACAATGGGAGCAAAGCATTCCCGCCATCGTTGATGCGTATGGCGACAAGGCGTTGATTGGCGCAGGTACGGTACTGAAACCTGAACAGGTCGATGCGCTCGCCAGGATGGGCTGTCAGCTCATCGTTA
位点 10422-11125	TGCCGTCGATAACATCCGCCGGACGATCGCCGCCGACCCAACTGTAGGCTTTAATTTTGTCGCGAACCAGGCCGCCCATCAGTTGCCAGACCGGCGCATTCAGCACTTTGCCTTTGATATCCCATAACGCCTGGTCGATCCCGGCAATGGCGCTCATCAGGATTGGACCGCCACGATAAAATCCGGCGCGATACATCACTTGCCATAAGTCATTGATGCGCGAAGGATCCTGACCAATCAAATAGTCACCCAGCTCGTGAACTGCCGCTTCCACCGTACGGGCGCGGCCTTCAATCACGGGCTCGCCCCAACCGACCACGCCTTCATCGGTTTCAATTTTCAGGAACATCCAGCGGGGAGGTAAACGATACGTGGTAATTTTGGTGATTTTCATTGCACTGCCTCTCGATACGCCTTAACAAATGCTGCTGCCTGCTGTGCGGTGCGTTCTACGGACTGCCCGGCGCGATAGAGATCGCTGCCTAAGCCCGCCCCAGCACAACCTGCGTCTATCCACTGCGCCAGGTTTTCTGGCGTCACGCCGCCAACGGCAAAGACTGCGATGTCCGATGGCAATACCGCTTTTAACGCTTTGATGTATTGCGGACCAAAAGCCGATGACGGAAATATTTTCAGCGCCTGCGCGCCCGCTTCGAGCGCGGTAAAGGCTTCGGTCGCCGTCGCGCAGCCGGGGCAGACGGTCA
位点 12281-12983	AATGCAGGTGGAGATCAGCAAGCCGCAGATAATCGGCGTTTTACGCGCAAAGCCCAGTGAAAAGCCCTTACGTACCAGCAGATCCGCGACCCAGCCAGAGAGCAGGACGCCGACAAACGCCGCGAGGAATGGCACCGTGGTCATAAAGCCTGCTTTCAGCGCCGTGATTCCTTTTTCCTGGGTTAAATAGTTCGGGAACCAGGTTAAGAAAAACCACAGTGTAGAAGCCACCGCAAATTGCCCAAGATAAACGCCGATCAGTTTACGATGGAACACCAGTTTCCAGTCTTTGGCTGTTAACGGCTGACGCGCCTCTTTCTTCACCGGCGCATCACCATCCACCAGACCGCCGCCATCACGAATGTAATCCAGTTCAGCTTTGCTGATACCTTTGGTCAGGCGCGGCGGCTGATAAACCTTAAACCAAATCAGCGACCAGATAATGCCGATACCACCAGTGACAATGAACACCCAGTGCCAGCTCAACATCTCCTGAATCCAGATCAGCAGCGGAGTCAAAAACGCCAGACCGACAAACTGACCAGACGTATAAAAACCAACGGCGGAAGCGCGTTCATGTTCCGGGAACCAGCTGGTCACCATCCGGTTATTGGTCGGGAAAGCGGGCGCTTCGAAAATACCGGTTATCGCACGCAGACCAATTAATGACATTAATCCCGTGGCAAAGCCCTGGAATAAAGTC
位点 13047-13384	GGCAACGGTTTTGCTTCGATTACCTGGTCGCTGGTCTCTTCTCTGGCACCGATGCGCCTGATTGGTTTAACCGGCGGCGTGTTTAACTTCGCCGGTGGTCTGGGCGGCATCACCGTTCCGCTGGTGGTGGGGTACCTGGCGCAGGGTTACGGTTTCGCACCTGCACTGGTTTATATCTCCGCCGTCGCGTTGATTGGCGCGCTCTCTTACATCCTGCTGGTGGGCGATGTGAAGCGCGTTGGCTAATCTTTCAACTGTGGAATATGCGCCATACCACTGCGCATAATCCACTTTCTTAAAGCCGGTGCGGTCAGGCATCGGCTTTTTACTATCTTGCC
位点 13567-14425	AGACAAAATCCTGCCAGCGTGAGGGAAACAGCACCGTGCATTTTTCGCTTTTCACCGCCTTACCAAACTGGAACTGAAAGGCGCTCATTTTCTCTTTCAGCGTCGTGAAACGCGTCTGACCGTCTTTCATTGGATAAGCACCGCCAAAGATAAAATAACCGTCTTTGCTGATACTCCATGAATAACAGTTAGTTATCGAATTATCAAAGATGCAGGAGTAGAACGGCACCGGATGTTTCTCCGCGAACCACTGCTGGATAGCGACATATTTACGGATTTGATGATCCGGGTAGAGATGTCGCCGCACCATCGAGTTTGCGCCATCGGCACCGACCAGATAGCGGGCGGTAATATGTTGCTCCCAGCCGTCTGCACGAAAAATGACATGCCATTTATCATCCTCACGCCAGATGTTTCGGCACAGGCTATCGTGATAAACCTCAACGCTGGTGGGGATCAGCGATTTCATCCACAAGTCGAAAGCATGGCGATTAATATTGATATAGCTTCGCTGGTAGTTACGCGTGAGCGATGCGGCGACGTCGACAGTTTTGACGCTGAAAATCTGTGGATTGGCGATCACATCGACAGGAAGCGTCAGTCCATCGCGAATAAAAGATCGCTGCGCGTCCGGTGCCAGCAGACCGCCGCAAGGTTTGCTGAAACCTTCAGTACCACACTGGTGCTTTTTATCCAGCGCGATCACCTGCATTTTGCCTGCTAATTTTCGCGCCAACGCCGATCCTGCCGGGCCGAGGCCAATAATCGCCACGTCGAAATGTTCCATCTTTTCACTCACATTCATCACGATGGCAAAAGACTATTGTCTGAAAGTGAAGTCCTTGTGAAGTATGATGGT
位点 14571-14837	GAGACCATTGAGCGTGTGAATATCCATACCGGCGAGGTCGAGGTTATCTATCGCGCGTCACAGGGCGCACACGTCGGCGTGGTGACCGTTCATCCGAAGTCAGAGAAATATGTTTTCATCCATGGCCCGGAAAATCCTGATGAAACATGGCATTACGACTTCCATCATCGACGCGGAGTCATTGCTGAAGGCGGCAAGGTGAGCAATCTCGATGCAATGGATATTACCGCGCCGTATACGCCAGGAGCGCTGCGCGGCGGCAGCCAT
位点 15658-15810	ACCGCTGTGATGGACACGCTTTTACTGCCGTGGGATGTGTTCCGCAAAGACAGCTCGGTGCGCTCACGCGTTGAAAAAAGCGAAGCCAACGCGCAAGCCACCAATGCGGTTATTCCACCGGCCAGAATGCCTGATAACTGATTTAGCGATCAG
位点 19471-20309	AAGTAGATCTGCTCGTTGATTTGAATCCGTAACTGGCTGGCAATGGCCGGAGGCGCAGGCATGATTTCAAAAATCAGCACCTGGCTGGTGACCGTTTTTCCCTGCCGTTTTAACACCTCCACCAGCCCGGTCAGGCTGGCGGTTTGATGCAGTACATCTTTGCGCACCAGGTAAGTGCCGCTGCCGTGGCGGCGGACCACCAATCCCCACGCTACCAGCAGGTCAATGGCTTTACGGATGGTCATCCGCGATACCGCAAATTCTTCCGCCAACTTTTTTTCACCGGGAAGAAGGCTATTTAGCGTGAAATCTGCGGAATTAAGTCGAATTCTTAACCGCTCCGCAATGCTTTTGTAGATCATCTCTAGATCTCTTTTTTGCCTGCAAGCACGGGTAATGCGCCCACAAGTTCTGCTTAATCGATTGAAAAAACATCTTTTTTTTAAAGATGTGTTCGATGCTGTGTACCTGTGCTCACAGATGTCTACTTTTTCGCGAAAACGTAGATCTCTACCGCCCAACGAAAAGCATGAAAGCGATCACGAATCCCATTGGGTCGTCATGTTCTGCCGATCGCATCTTCCTATCCTCGCTCCAGGCCTGCCGCATAACCAATCAGGCTTCCTACTTACAGAATTGAGAAAAGAGGATGTGGAAATGCTCAGTCAAATTCAACGCTTTGGCGGCGCGATGTTCACGCCAGTGCTGCTGTTTCCCTTCGCCGGGATTGTGGTGGGTCTTGCCATCTTGCTGCAAAACCCGATGTTTGTCGGGGAATCACTGACCGATCCGAACAGTTTATTCGCGCAAATCGTACACATTATTGAAGAGGGCGGTTG
位点 20919-21495	GGCTTGCAGGATACCGGCAGCCTGATCCAGCTCTTTTTTTGGCTCTGCCGCGGTGGTTTGGCCTCGCGAGGCTTTGTATTCGGCTTTTGAGTAGAGTTTCACTTCCGCATCTTCACGTCCCGGCGTGCACATGTTGAACTGCAGAATCAGTGTGCGGAAAACCACGAAGTACAGCAGGGTAAAGCACAACCCAATGGCGATTTGGGTCAGCATCATATCCGCGTGGTTGCTGAACATCGGGATCCAGTTTTGCGGTAAAACCTGGTCAATCAGACCTCCGCCCATGTTGCCCACCACACCAAAGAGATACATCACGGTCGACATTGAGGCCGCAAGCACAGCGTGTACCGCAAACAGCAACGGTGAAATGAACAGGAAGGTAAATTCCAGCGGTTCGGTAATTCCCACCAGCATGGCGGTTAAGGTTGCGGGAATCAGCAAGCCCGCCACTTTTACCCGATTTTCCGGTGCGGCAGTGAAGTACATCGCTAAAGAAATGCCCACGGCACCAAAGATTTTTGAGTTACCGTGCAGGGCAAAACCGCCTTCCGGGAACAACGATTTCAGCGGCTCGGCG
位点 23247-23399	ATATTCCCTTATTGATTAACGAAAATGTGATCTCCAGCGGAATTTCTCTGATCTCGCTCTGGCATACCTACGCCGACGAGCATTACCGGGTGATCTGGCCGCGGGACAAGAAGAAACCGCTTATCGCCAACTCATGGGTTGCGGTGTATACCG
位点 23463-24166	GGCGAATTATGCTCACAACCTGAACTTAACAGAAAACAATCCGTTCAGGGATACGACGTTTGTATTTTAAGAATCTGACTGCCTGACCCGACGCATTTTACCTCTCCCTATATTCATGCGTCCGGGACATAAACATAAATAAGGGCTATGAGATGAATTCGTTACAAATCTTGAGTTTTGTCGGTTTTACGCTGCTGGTGGCGGTGATCACCTGGTGGAAGGTCCGCAAAACAGATACCGGATCGCAACAAGGCTATTTTCTTGCCGGACGTTCACTAAAAGCGCCGGTTATTGCCGCTTCGTTAATGCTAACCAACCTTTCCACGGAACAACTGGTCGGCCTTTCCGGGCAGGCCTACAAAAGCGGCATGTCGGTGATGGGCTGGGAAGTGACTTCAGCGGTGACGCTGATCTTCCTCGCGCTAATCTTTTTACCGCGCTATCTGAAGCGCGGCATTGCCACCATCCCCGATTTTCTGGAGGAACGTTATGATAAAACGACGCGTATTATCATCGACTTCTGCTTCCTCATTGCCACCGGCGTCTGCTTTCTGCCGATTGTTCTCTACTCCGGCGCGTTGGCGCTCAACAGCCTGTTTCACGTCGGGGAATCGCTACAGATTTCTCACGGTGCGGCTATCTGGCTACTGGTAATTTTGCTTGGTCTGGCGGGAATTTTGTATGCGGTGATCGGCGGACTGCGC
位点 27888-28607	CGTCATCAGCTCCATGGGAGAACGATGCTGCTTTATCAGATCACGCATCACCCGCATATGCGGTGCGGAGTAAGAATAAAACGCCTGATAGCCCGCACAAAGCACGCTGTCTGGCGTCTCCTGGCGAGCGTGCGGGCACAGGCGATGCCAGTCGCACGCCTGGCAGTCACGGCGCGGTTGCGGGTTTTCGCTGCCACACCATTTTTGTAAGGTGGCGTCAAAAAGCTCAATCGAGATACGACTGATATCTGCCCGCACCCAACACTCGAACAGGGCAATTAAAAATTTCCCCCACAGCTCTGCTGTCACCGAAGCGGCCGTCAGATCGCCCCGGTCATCAAATTCAAGATAGGGAATGAGCTGTACGGAGCGGATGCCCCGCTGTTTGAAATTGTGATAAAAATCGGCAGGTTGCAGAGCATCCTTGTACTCTACAACCAGTTTATGCCTGTCCTCTTCAGCATCAATGACCTGACTTCCTGTCATGCGACTCTCTCAATAAATACGATAAGTTGATGTATATGCGTTACAGCAAACAGTATTGCGAGAGATAACACCGCGAGGGAGATCAAAAATTTGTCACGGACTACGTGAAATTGGGAAAAATCGCTATTCGTGACATCCATTAAATTGCGATTACGGGTGTAGTGCCAGAGGATCAGCGCCACGATGGCGAGAATGCCAATCGAAATCCAGAATAACATGCCCGCCTGGTGCCAG
位点 28657-29360	TCGGCGGTCTGCTGGATACGATGTGGAACTGGCGCGCCTGTTATCTCTTTTTGTTGGTTCTTTGTGCTGGTGTGACCTTCAGTATGGCCCGCTGGATGCCGGAAACGCGTCCGGTCGATGCACCGCGCACGCGCCTGCTTACCAGTTATAAAACGCTTTTCGGTAACAGCGGTTTTAACTGTTATTTGCTGATGCTGATTGGCGGTCTGGCCGGGATTGCCGCCTTTGAAGCCTGCTCCGGCGTGCTGATGGGCGCGGTGTTAGGGCTGAGCAGTATGACGGTCAGTATTTTGTTTATTCTGCCGATTCCGGCAGCGTTTTTTGGCGCATGGTTTGCCGGACGTCCCAATAAACGCTTCTCCACGTTAATGTGGCAGTCGGTTATCTGCTGCCTGCTGGCTGGCTTGCTGATGTGGATCCCCGACTGGTTTGGCGTGATGAATGTCTGGACGCTGCTCGTTCCCGCCGCGCTGTTCTTTTTCGGTGCCGGGATGCTGTTTCCGCTGGCGACCAGCGGCGCGATGGAGCCGTTCCCCTTCCTGGCGGGCACGGCTGGCGCGCTGGTCGGCGGTCTGCAAAACATTGGTTCCGGCGTGCTGGCGTCGCTCTCTGCGATGTTGCCGCAAACCGGTCAGGGCAGCCTGGGGTTGTTGATGACCTTAATGGGATTGTTGATCGTGCTGTGCTGGCTGCCGCTGGCGACG
位点 29422-30115	CAACTGTGTCCGTTCATATAAATCTCGCGGCAAAGTACGCGCCATTACGCCGCCAACGCCGGTGCCCATCCCCTGCATCGCGCTGGCGGCAATCAACACCGTCAAACTGGAGGTCGTGACCGCGACCAGCGTTGCCAGCATAAAAATGGACATTCCGACGAGGATCACCGGTCGGCGGCCCACGCGGTCGGAAATCGGGCCATAAAACAGCTGTGAGACACCGTAAGTCAGCAGATAAGCGCCCATTACGCTCTGCACCGCCCCTTCACGGACGTTGAGATCGCGCGCCATATCGGCAATAGCTGGAATATAAATGGTTTGCGCCATCTGACCGACGGCCACGAGTAATACCAACATCAATAACAAATTGACGTTTCTTTGCCTTTTCATTATCACGGATGCTTTTATAAAAATAATTAGAATAAGTCACTACGCATTCCCATAAATGCGGGAGAGGAATCTATCACATTGATGAATGTTAGCCAGATATACGCCAGGAATGGGGAATTGTTTAGCGGCAGAATATGTAAACAAAAGCGGCAATAAATGTTGCCGGGAGGGATTACGTGCGAACTGTAACCCTCTCCCCAAAGGGGCGAGGGGGAAACCACCGTTCCCTTTCAGAAAATGAGCTAAACATTGCACGGGACGGTCCCCTCGCCCCTTTGGGGAGAGGGCTAGGGTGAGGGGCACA
位点 33952-34649	ACGCACGCTCTCTTCGGTTTCCAGCAACCGTTCAGCCAGATGCTGATTGCGCGCCAGTTCCTTTTGCAGCGACTGGTTAAGTTCACGCAACCGCTGGATGCCAGCGCCCAGTAACAACCCTGTCAGACTTTGCACCAGCAACGAGAGCAATAAATCCACCGGATGATCGCGCCAGGTTTGACTGGCGATCAGCGCGATGGCGTTCATCAACGTCGCGATCAGCGCCCCTTGCCAACCGTAGTGCCAGGCCAGCGCGATAATCGGCAGCGCCAGGCAGAATGGCGTAAAGCGCGACAGTTCGTCCGGCAATCCCAACTGGAGCCAGAGACTAATAACAAACAACAGCAAGTACCAGACCAGATGCCGCCCGCGCCAGTTGATCGGTTGAGAAACCAGTGACGGGCCGAGCGGCAGCCAGGTGTTATTGGCGAGATAGTGCCAGAACACCAGACATATCGGGGCCAGCGTCAGGCCGCCAGTTAAAGTCAGCAACAGCGCATTCCACGACTCTTTGCCGTGCCAAAGCCAGGGCAGCGACTGCAACAACGCCGCCGCCGTTAACGCCGCACCCTGTAACAGCAAGGTGCGCCAGTCACGCTGATGGCGATAGCGCGAGATCAGCGCCACGGGCAGTAACGTCAGTAAACTACCGATCATCAATAACGGAAAATGGGTTAAACCGACCGCCTGCGTTAGCC
位点 39471-39605	GCAAGGCAAAACCAGTACTTACAGGTCAGCTCTTGCGTACCCGCCCTGGAAGGCTGCGATGTTAACGGTGCCAGTTTTACCCTTGAACAGATGCTCGCCTGGCGGGACCATCCGCAGGTTACCGGCCTTGCAGAA
位点 43055-43341	CAGCGCATAACCGCCGATTGCCGCGCCACAGGTATTAGCAAGCTGAATAACCGCCACCTGAATAGACCCGGCTTTTTCTGCCTGATCGGCCAGCGAGCGGGTGATCCACGTTGACCAGCCGACGGGAACCAATGCAAAAGTTAGCCCCCAGATAATCGCCACGCCGGTAGCAACGATTTTATCGCTTCCCCACAACGTCAGCACCAACGCACTCACAGCCAGTATTAACGGCGCGCCTGCTAAGGCCAGTTTTACCGAACGTTTAAGAATGAATGACGAAAGCGACG
位点 44161-44858	GCCGCGCCAGAAAAATAAATCGTCCGGCGCGGCATGAGTGAGAATTACCAGCCAGGCACCGCGCCACCGTTAAAAATGGTTTCTGCCGCTTTAGCGACTTCGGGTGATTGATAAGATTGCAGAAATTCCTTCACGTTTTCTGCATTCTTATTATCTTCCCGTGCCACCAAAATATTCACATACGGCGAATTCTTATCTTCAATAAATACGCTGTCGTGCACCGGAGAAAGCCCTGTCTGCTGAATGTAAGTGGTACTGATAATCGCTACATCAACTTTGGGATCATCCAGTACGCGCGGAAGCTGCGCCCCCTCGAGTTCCATAATCTGCAAATGACGAGGATTATCGGTTATATCCAGCGCGGTAGGTAATAACCCTTTTCCCTCTTTCAGAGTAATTAGCTTCTCTTTTTGCAACAGTAAAAGTGCGCGACCAAGGTTGGTCGGGTCGTTGGGGATCGCCACTGTCGCGCCTTCTTTTATTTGCGCCACGGTTGTGATTTTTTTGGAATAACCCGCCATAGGGAAGACAAACGTATTTCCCACCGCTACCAGTTTATAACCATGCGCCTGATTATCTTGTTCAAGAAAGGGTCGATGCTGGAAGACATTCGCATCAAGTTCGCCATGATTTGTCGCATCGTTCGGTAGCAACGAACCGCTAAATCCTACCAGTTCAACATCGAGGCCATATTTCTC
位点 44914-45297	CCGACGTCATTATCGATCTCTCCTGCCGCGTTGTTCTGGGGCATTGCCTCGGCATTTGCTGCTGCATTCTATACCACCTATCCCTCAACGCTAATTGCCCGCTATGGCACGTTACCAGTCGTCGGCTGGAGTATGCTGATTGGCGGTCTGATTCTGTTGCCTTTTTATGCCAGACAAGGAACAAACTTTGTCGTTAACGGCAGTTTGATTCTGGCGTTTTTTTATTTGGTGGTCATTGGTACGTCCCTGACATTTAGTCTGTACCTGAAAGGAGCACAATTAATTGGCGGTCCAAAAGCCAGCATTTTGAGCTGTGCAGAACCATTAAGTAGCGCGCTACTCTCTTTGCTGTTGCTGGGGATCACGTTCACATTACCGGACTGG
位点 54976-55280	CTTCATCGCGCAGTGGCAACTTCATGAACTATGACGGGTATCGAGTTATGCTTTCCTGGGTCAAATTCTCAGCTGTTAATGAACAAATGGCATGGATTTTAAGCAGAAAAATACCAAAAGTTATATAAAAAAGTGCATTTATCTCATTTAAATATTTAGATGAGGATGTGGCAAACGTTTGCTTTTCTCTTTCGGTCAGCTAAAATGCCCGCTTTGCTACCACGGGATTGTTTTCGATGTCTGTTTCCACCCTCGAGTCAGAAAATGCGCAACCGGTTGCGCAGACTCAAAACAGCGAACTGATT
位点 59778-60188	AAGTCACCCGAAACCGAAATTAATGTTTTATGAACCCAACACGTTATGCTCGCATCTGCGAAATGCTCGCCAGGCGGCAGCCTGATCTGACCGTCTGCATGGAGCAGGTCCACAAACCTCATAACGTTTCTGCGATTATTCGTACCGCAGATGCCGTTGGCGTACATGAAGTTCACGCCGTCTGGCCTGGTAGCCGCATGCGCACCATGGCTTCGGCAGCTGCGGGTAGTAACAGCTGGGTGCAGGTGAAAACACACCGCACCATTGGCGATGCCGTCGCTCATCTGAAAGGCCAGGGCATGCAGATTCTGGCAACCCATCTTTCTGATAACGCTGTCGATTTCCGCGAAGTTGATTACACTCGCCCGACCTGCATTTTGATGGGACAGGAGAAAACGGGCATCACGCAGG
位点 62828-63178	TTTATTAAAAACCCAACCGTTGTATGACACCCAGGTTTCTGTTTCACACACCACACGCCAACCGCGTCCTGGTGAAGTCCACGGTGAACATTATTTCTTTGTTAATCATGATGAATTTAAAGAAATGATTAGCAGAGATGCGTTCCTCGAACACGCAGAAGTTTTTGGTAATTACTATGGCACTTCGCGTGAGGCCATTGAGCAAGTACTGGCGACCGGTGTCGATGTTTTTCTCGATATCGACTGGCAGGGCGCGCAGCAAATTCGCCAGAAAATGCCGCACGCGCGGAGTATCTTTATTTTACCGCCGTCCAAAATTGAACTGGACCGCCGTCTACGCGGTCGCGGTCA
位点 69855-70552	TTAGAATGGCAATCATCATATATCCAAGACATGGCATTTGGTACATAGCTTGGGTCGGGATTTCAAATCCGATCCCCGTTGATGGGGCCGTTACAGTGCGCACATATCCGCTTTATGTGAAACAGGAAGATTTTTCTGATATCACTGCCACAGCAAAACACCAATTTCGAGACAAGTACGCGTGCGAGGGGTATCAGTTGCAAAAAATTTTGCAACTACGTCCGACCAGTATGCACACGATGGCGGGGGGATACCATAAAACTGTTCTCTACATGAGACAGAGTGGTGGTGATGTGTTGATTATCGGCGTATATGCGCACAGGACGCGCTATGACGATGTTTTATGCGGGTACACCAATCACATGTATCTGGTGTGATAAATCGCGTTACATGACCTCTCATGTTGTGCTGGTGGTTATCACGACGTTCTGAATCTGGCCTTTGCCTGGTATTTTGCGACAAGTACGCGCGCGTAGCATCGAAATAATCGGATGGCGTATGCTGCTGGTAATATGAAGACCGATAGCATTAACCGAAAGGAGAAAGACTTCTCGATAACGGCAAGGGGGCTGAATTGCGAGGCGAGATTAAGCAACTGTCTTGAACGTAAAAATCATGGAGCAACATGATGGTACGATTCATTCCATTCTTCGTTCTTTCTGAGCATTGCGTTCAGGCTTAGTCAAAATTAGTGTTGC
位点 70609-71130	CGCCAAAAGGTAGCACAGCATATGACAGAGCGATCAGTACGGTCACACAATCACTGACCACAGCAGCACAAGCATCGCAAAAGGAAGCTCAATAACAGATGGCCATGGATGGTTGGTTATAATAGTAATTAGTATTTTTTCAAATAGTTATGAACATTAACACTTGCCTTTAACATTGCCGACAAATGAGCCTGTAAATGAGCCTATATCAGATCGACTAATTGTTCGTGTATGGATCACTTTTCCGTCATTTGAGATTGCCCATGTGACAAGCGTCAGTTGACCATCTCGATAGCTTCTTCCCATCATGGCATTCGGAGATAGCGGGTAATAATCAATACCTCCACCTATACCATCTTTTGCCAAGATAAGATCCGCCTTCTCTTTACTTATTACCAAATGAAAGGTATCTGGTATAGATGATAACTTATAGTTATACCCATCTGAACTTGAGGCTTCTTGTCCTTTCAGATCACCAATAATCCAGCATTCAGCGTTCGCTCCAAAAGAAGCAAATAATAA
位点 71148-71845	AACAGAACCGATCTTCGAAAGCGATTTATGGCGTCATCTGACACTGTTGATAAAGATACGCTCCAGAAAGCCAGCGATATTATCTACAAGGCATATACGGCGGATATGAAAAAAGCCGTAGCCAAAAATCTTGGAGCAGACGAAGCTATTAATATGGCAAGGGTTGATCGCTCATGGTCTAAATTCAATGACATGATGGGAAGAACGCGCGTTCAAAAGGCAATAGCCAGCGGCAAGGCCACGCCTGAGGATGTAACAAAACTTGTTTTTAGCCAAAGCCCATCAGAACGTTCTCAGCTTTACAGGCTTCTGGATGACAATGGTAGGCAAAACGCACGAGCAGCCATAGTTCAGAATGCTGTAGATAAGGCGACTGATCCGTCTGGAAATATCAGTGTTGAGAAGTTTATTAATGCGTTACACCGGAACAGGAAGCAATCAGCAACTTTCTTTAAAGGCATACATGGAAAGGAACTGGACGGCGTTATTAAATACCTCAACGATACAAGACACGCGGCAAAAGCGAACGTTCAAAACTTAAATGGTCAGCAGCTTTATGGATTGTTAGTTGGTGGTGGCATCATAAACGCAGCAGTATTAGCGGGGATGCTAAAAACGGCTGCGTTTGTTGTTCCTGCTGCTGGTGCCGTAGGCGGAGCAGCGAAGGCATACGAAAGCCCTGTTATACGAAATGCCTT
位点 82626-83039	AGGCGCTGGAGTTCTTTAATCTGCTTCATGGCAGCAGCAAGTTCAGAGGCAGGAACGACCTGTTCTCCTGCGGCCACAGCAGTAAGACTTCCCTCCTGGTATTGCTTGCGCCAGAGAAATAACTGGCTGGCTGCCACACCGTGTTGCCGGGCAACAAGGGAGACCGTCATTCCCGGTTCAAAGCTCTGCTGAACAATAGCGATCTTTTCCTGTGTAGTACGCCGTCTGCGTTTCTCCGGTCCTAAGACATCAATCATCTGCTCTCCAATGACTAGTCTAAAAACTAGTATTAAGACTATCACTTAAATAAGTGATATTGGTTGTCTGGAGATTCAGGGGGCCAGTCTACTGACATTCCACTCATATTCTCACCAGCATATATAAAAAAAGAACTAGATATCACATCAGGACGTT
位点 83037-83294	CCTGCTCGGCAAAAAAACGATGGAAAATGAACTCCTTAAAGAAGCCGTTGAATATGGGCGTGCAAAAAAGTGGATAGCGCACGCGCCCTTATTGCCCGGGGATGGGGAGTAAGCTTAGTCAGCCGTTGTCTCCGGGTGTCGCGTGCGCAGTTGCACGTCATTCTCAGACGAACCGATGACTGGAAAGATGGTCGCCGCAGCCGTCACTCAGATGATACGGATGTGCTTCTCCGTATACACCATGTTATCGGAGAGCTG
位点 87333-88028	CTGGTGGAAAACGGCAAGCTGAAAACCAACCCGATGAAAGGGATGGTAGCCGCAGTTTCTGTCGGAATTGTGAACGGCGAAGCGGTTTGCGATCTGGAATACGTTGAAGACTCTGCCGCAGAGACCGACATGAACGTAGTGATGACCGAAGACGGGCGCATCATTGAAGTGCAGGGGACGGCAGAAGGCGAACCGTTCACCCACGAAGAATTACTCACCTTGTTGGCTCTGGCCCGAGGGGGAATCGAATCCATTGTAGCGACGCAGAAGGCGGCGCTGGCAAACTGATTTTTAAGGCGACTGATGAGTCGCCTTTTTTTTGTCTGTAGAAAAGTAAGATGAGGAGCGAAGGCATGAAACCATATCAGCGCCAGTTTATTGAATTTGCGCTTGGCAAGCAGGTGTTAAAGTTTGGCGAGTTTACGTTGAAGTCCGGGCGCAAAAGCCCCTATTTCTTCAACGCCGGGCTGTTTAATACCGGGCGCGATCTGGCACTGTTAGGCCGTTTTTACGCTGAAGCGTTGGTGGATTCCGGCCTTGAGTTCGATCTGCTGTTTGGCCCTGCTTACAAAGGGATCCCGATTGCCACCACTACCGCCGTGGCGCTGGCGGAGCATCATGACCTTGACCTGCCGTACTGCTTTAACCGCAAAGAGGCAAAAGACCACGGTGAAGGCGGCAATCTGGTTGGTAGCG
位点 88208-88721	TGAGAAAGACACCACAGCGCGCCTGCGTCTGATTGTGTTGCTGCTTCTCGGTTTTGGTGAGCGTAATCCTGGCCTGACCCGCATCCTCACTGGTCATGCGCTAATGTTTGAACAGGATCGCCTGCAAGGGCGCATCAACCAGCTGTTCGAGCGTATTGAAGCGCAGCTGCGCCAGGTATTGCGTGAAAAGAGAATGCGTGAGGGTGAAGGTTACACCACCGATGAAACCCTGCTGGCAAGCCAGATCCTGGCCTTCTGTGAAGGTATGCTGTCACGTTTTGTCCGCAGCGAATTTAAATACCGCCCGACGGATGATTTTGACGCCCGCTGGCCGCTAATTGCCGCGCAGTTGCAGTAATATGACGCCGGATGACTTTTCATCCGGCGAGTTTCTTTAAACGCCAAACTCTTCGCGATAGGCCTTAACCGCCGCCAGATGTTCCGCCATTTCCGGCTTCTCTTCCAGGTAAGCAATCAGGTCTTTCAGGGTGATGATAGAGATCACTTTGCAGTT
位点 88782-88886	CAGCGATGGAAGCCAACGTATCACGACGGCAAAACTGGCCGCCTCTGTCGGCGTTTCCGAAGCGGCACTGTATCGCCACTTCCCCAGTAAGACCCGCATGTTCGA
位点 88888-89211	TCAGGACAGCTTCACCATTCAACCTGGCGAACGCATCGCCCAGATGATTTTTGTTCCGGTAGTACAGGCTGAATTTAATCTGGTGGAAGATTTCGACGCCACCGACCGCGGTGAAGGCGGCTTTGGTCACTCTGGTCGTCAGTAACACATACGCATCCGAATAACGTCATAACATAGCCGCAAACATTTCGTTTGCGGTCATAGCGTGGGTGCCGCCTGGCAAGTGCTTATTTTCAGGGGTATTTTGTAACATGGCAGAAAAACAAACTGCGAAAAGGAACCGTCGCGAGGAAATACTTCAGTCTCTGGCGCTGATGCTGGAAT
位点 52871-52945	GACTAACCTGGGTGCCGACATCGCCCGCGGGACATTAACCGGAAACGCGCAGCGTAACGCCGACGGCAGCTGGCA
位点 3515-4134	GTTTCGAGGCTGGGCCAGAAACGCACCATGGTGCCGGTTTTTTCAGTCTCGCCGGTAACCGCCAGCGGAGCCTGCGGTACACCGTGTTCGTAGATCTGACGGTGAATTTTACCCTCGCGCTGGATAACCAGCTCCAGTTTTTGCGACAGGGCGTTTACTACCGAAACACCAACGCCGTGCAGACCGCCGGACACTTTATAGGAGTTATCGTCAAATTTACCGCCTGCGTGCAGAACGGTCATGATCACTTCCGCCGCCGATACGCCCTCTTCCGGGTGAATACCGGTCGGAATGCCGCGCCCGTCATCCTGTACAGAGACAGAGTTATCGGCGTGAATGGTGACGATAATTTCTTTACAGTGACCCGCGAGCGCTTCGTCGATAGCGTTATCTACCACCTCGAATACCATGTGGTGCAGACCGGTGCCGTCATCCGTGTCGCCGATATACATACCCGGGCGCTTACGCACCGCATCCAGCCCTTTCAGGACTTTGATACTGGAGGAGTCATAAGAATTCGACATCAACGTTTCTCGCTCATTTATACTTGGGTTAATCCGTTATTTTACCCTTTTCCACGGTAAACATCTTCGAATTTTCGTCCGACATGTCTATAACGT
位点 17230-17844	CGCACCGGAGAAAATCCCCAGCACTACCGGCAGTGGAATATCAAACAGTTTATGCAGGATGGCGGTAACCAGACCACCGATGATGACGATCAGAACAGCAAACAGGTTGAGGCGTAATCCGGAGACGCGCAATGAGGCAAAGAAGCCCGGCCCTACCTGAATCCCGATAGTATAAACGAACAGGATCAGGCCAAATTCCTGAATAACATGCAGCATATCGCTACTTAATGTCATCCCCGCCTGAGAAACAAAATGGCCGACGATGATCCCACCAAACAGCACGCCGCCAATACCTAATCCTATGCCGCGAAATTTGACATTGCCGATAAACAAACCGACGACTGCCACCAAAGCCAGAATACTGACCGTTAATGCTATATCACTCATCGTCCATTTCTCTTGAGATAACATTTTTAATTGCTACGGATTATGGCTGAATCGGTGAAGCAGATTTGCCTTATAGCGCACATTATCACGGGAAAGAACGTGCCGAAATATCTTAAACAGGCGAAATTTAACGCATTGTTGAAGAAGAAAGACAAAAAAAGCCCCACCAGAATGGCGGGGCAAAGAGAATAGCTAGTTAGCTATTTAACGCGGGACGTTCGCTGATAG
位点 4352-5062	GACGGTATTGGCGTCGAAGTGGCGTTGCAGTGGAACGATGGCTTCCAGGAAAACATCTACTGCTTTACCAACAACATTCCGCAGCGTGACGGCGGTACTCACCTGGCAGGCTTCCGTGCGGCGATGACCCGTACCCTGAACGCCTACATGGACAAAGAAGGCTACAGCAAAAAAGCCAAAGTTAGCGCCACCGGTGACGATGCGCGTGAAGGCCTGATTGCGGTCGTTTCCGTGAAAGTGCCGGACCCGAAATTCTCCTCCCAGACCAAAGACAAACTGGTTTCTTCTGAGGTGAAATCAGCGGTTGAACAGCAGATGAACGAACTGCTGGCAGAATACCTGCTGGAAAACCCAACCGACGCGAAAATCGTGGTTGGCAAAATTATCGATGCTGCCCGTGCCCGTGAAGCGGCGCGTCGCGCGCGTGAAATGACCCGCCGTAAAGGTGCGCTCGACTTAGCGGGCCTGCCGGGCAAACTGGCAGACTGCCAGGAACGCGATCCGGCGCTTTCCGAACTGTACCTGGTGGAAGGGGACTCCGCGGGCGGCTCTGCGAAGCAGGGGCGTAACCGCAAGAACCAGGCGATTCTGCCGCTGAAGGGTAAAATCCTCAACGTCGAGAAAGCGCGCTTCGATAAGATGCTCTCTTCTCAGGAAGTGGCGACGCTTATCACCGCGCTTGGCTGTGGTATCGGTCGTGACGAGTACAAC
位点 3855-4613	TTCACCCGGAAGAGGGCGTATCGGCGGCGGAAGTGATCATGACCGTTCTGCACGCAGGCGGTAAATTTGACGATAACTCCTATAAAGTGTCCGGCGGTCTGCACGGCGTTGGTGTTTCGGTAGTAAACGCCCTGTCGCAAAAACTGGAGCTGGTTATCCAGCGCGAGGGTAAAATTCACCGTCAGATCTACGAACACGGTGTACCGCAGGCTCCGCTGGCGGTTACCGGCGAGACTGAAAAAACCGGCACCATGGTGCGTTTCTGGCCCAGCCTCGAAACCTTCACCAATGTGACCGAGTTCGAATATGAAATTCTGGCGAAACGTCTGCGTGAGTTGTCGTTCCTCAACTCCGGCGTTTCCATTCGTCTGCGCGACAAGCGCGACGGCAAAGAAGACCACTTCCACTATGAAGGCGGCATCAAGGCGTTCGTTGAATATCTGAACAAGAACAAAACGCCGATCCACCCGAATATCTTCTACTTCTCCACTGAAAAAGACGGTATTGGCGTCGAAGTGGCGTTGCAGTGGAACGATGGCTTCCAGGAAAACATCTACTGCTTTACCAACAACATTCCGCAGCGTGACGGCGGTACTCACCTGGCAGGCTTCCGTGCGGCGATGACCCGTACCCTGAACGCCTACATGGACAAAGAAGGCTACAGCAAAAAAGCCAAAGTTAGCGCCACCGGTGACGATGCGCGTGAAGGCCTGATTGCGGTCGTTTCCGTGAAAGTGCCGGACCCGAAATTCTCCTCCC
位点 922-1048	TAAAGTTGGCATTGGCAATGACGCGGTTCAGCGCCCCTTCCAGCTCACGTACGTTAGATCGTAGACGCTTGGCGATAAAGAACGCCACTTCGCCCGGCAAACGAATGTCGTTTTCGTCGGCCTTTTT
